chrI	1812	1848	TTGCGATAGTGTAGATACCGTCCTTGGATAGAGCACT	42.34	100.0	100.0	0	2	+	PAU8	1
chrI	1849	1881	GGAGATGGCTGGCTTTAATCTGCTGGAGTACCA	42.72	98.90403	98.90403	0	2	+	PAU8	1
chrI	1882	1913	TGGAACACCGGTGATCATTCTGGTCACTTGGT	42.84	100.0	100.0	0	2	+	PAU8	1
chrI	1914	1944	CTGGAGCAATACCGGTCAACATGGTGGTGAA	42.09	100.0	0.0	0	0	+	PAU8	1
chrI	1945	1978	GTCACCGTAGTTGAAAACGGCTTCAGCAACTTCG	42.81	100.0	100.0	0	2	+	PAU8	1
chrI	1979	2008	ACTGGGTAGGTTTCAGTTGGGTGGGCGGCT	46.38	100.0	100.0	0	2	+	PAU8	1
chrI	2023	2059	TTGGGCTAAGTGAGCTCTGATATCAGAGACGTAGACA	42.14	99.313896	94.57343	0	2	+	PAU8	1
chrI	2061	2097	CCAATTCCACCAAGTTGACTCTTTCGTCAGATTGAGC	42.14	99.94736999999999	99.94736999999999	0	2	+	PAU8	1
chrI	2098	2128	TAGAGTGGTGGTTGCAGAAGCAGTAGCAGCG	43.34	99.643005	0.0	0	2	+	PAU8	1
chrI	2129	2158	ATGGCAGCGACACCAGCGGCGATTGAAGTT	45.92	100.0	95.69848	0	0	+	PAU8	1
chrI	2575	2611	CAGGCTTAGACAATAAGCTTCTGTACGAGGGTCCAAA	42.17	100.0	0.0	0	0	-	YAL067W-A	1
chrI	2612	2642	TCCGCGGAAGCCGTTTAAAGCAGACTGAATT	42.34	100.0	0.0	0	0	-	YAL067W-A	1
chrI	7256	7292	TAAGGTTTCAACGTCTTTTGACGTTGGCTTTTCCACA	42.16	99.55863000000001	0.0	0	0	+	SEO1	1
chrI	7310	7346	AAGCACAATACCGTTCTTCTTGGCATTGTTCCTTTCA	42.05	100.0	0.0	0	0	+	SEO1	1
chrI	7406	7442	TGCAGTGAAAGTAAACCCCTTTAAATACCTGGGAGCT	42.32	100.0	0.0	0	0	+	SEO1	1
chrI	7458	7494	ACCAAAACACTTATCCATGCGGTAGATGATTGAGCCA	42.62	100.0	0.0	0	0	+	SEO1	1
chrI	7520	7554	AGCTCTAGTTTGAGCATCTCGGCGACAAATATCGT	42.31	100.0	0.0	0	0	+	SEO1	1
chrI	7555	7591	TTTGCCAAGAGTATAAAACAGGAGCCATAGCCCAACC	42.97	98.68058	0.0	0	0	+	SEO1	1
chrI	7594	7630	AACATTGCAGCATAAATGCAAACCATTTGGCTCCTTC	42.1	100.0	0.0	0	0	+	SEO1	1
chrI	7631	7660	TGCGACGTCCCAAGCGGCTAATATGGAGTT	43.25	99.29523499999999	0.0	0	0	+	SEO1	1
chrI	8024	8060	AATAGAATAACAGTTGTATGGGTCACCTGGCAGGGAG	42.06	100.0	0.0	0	0	+	SEO1	1
chrI	8063	8099	AAATCCAATAAGGCCCACTACGACAGACACAATAGCG	42.67	100.0	0.0	0	0	+	SEO1	1
chrI	8145	8181	TTTAACGATGAATATACGGCTGACTGGATCCCACCAG	42.13	99.0162	0.0	0	0	+	SEO1	1
chrI	8225	8261	ACGACGCACCATTTCATCATGTTTGTAAAAGGAACCA	42.16	98.57496	0.0	0	0	+	SEO1	1
chrI	8268	8304	TATTGGTATGCCAAATAACTTGGCGCTTCAAAAGCCC	42.67	100.0	0.0	0	0	+	SEO1	1
chrI	8327	8363	CAAGTGTGGTACAGAATTGACATATGCAGCACCAACG	42.43	98.942406	0.0	0	0	+	SEO1	1
chrI	8370	8406	AGCGACCAACATAAGTCGAGGCTTGGTAAAACATAGT	42.31	100.0	0.0	0	0	+	SEO1	1
chrI	8505	8541	AAGCCTAAATCTTCCTTCATTCCCGAAACGTAAGCGT	42.64	100.0	0.0	0	0	+	SEO1	1
chrI	8722	8755	AAAATCTCCACCATGGCCTATCGGCTTCATCTCT	42.37	99.9833	0.0	0	0	+	SEO1	1
chrI	8904	8940	TCTGTTGAATTTAAGTCATCTGGCAGGTCTTCCACCT	42.1	100.0	0.0	0	0	+	SEO1	1
chrI	11609	11644	TGCCATTATTGGTCAACAGACCATTGGCAATACCAA	42.01	100.0	0.0	0	0	+	YAL065C	1
chrI	11676	11712	AGATCCTATTATGCTACTTGCTGGTGTGCTACGAGGC	43.32	100.0	0.0	0	0	+	YAL065C	1
chrI	11727	11763	ACTTAACCCGGAAGTTATTAGACTCTTGGTGTTGCCA	42.04	100.0	0.0	0	0	+	YAL065C	1
chrI	11767	11803	TCGGATACAGAAACAACACTACTGCTGTGACCAATCA	42.08	98.92811999999999	0.0	0	0	+	YAL065C	1
chrI	11804	11833	CATCGGTCGCGGAAGCCGTCTGTGTTTCAG	44.38	99.55566400000001	0.0	0	0	+	YAL065C	1
chrI	11850	11886	AATTGAAGAGGTGACTACTGTTTTCGTCTCAGCAGCT	42.23	100.0	0.0	0	0	+	YAL065C	1
chrI	11887	11918	CCAGTACTGGTAGTTGTCTCAGCAGCTCCAGT	42.23	100.0	0.0	0	0	+	YAL065C	1
chrI	12064	12096	TGTTACTTCCTGCGAATCTGGTGTGTGTTCCGA	42.72	95.19375600000001	0.0	0	0	-	YAL064W-B	1
chrI	12097	12133	CCACCACAGAATCGAGGCAACAAACTACGCTAGTTAC	42.93	100.0	0.0	0	0	-	YAL064W-B	1
chrI	12134	12170	GGCGTTACCACAGAATACACGACATGGTGTCCTATTT	42.61	99.924324	0.0	0	0	-	YAL064W-B	1
chrI	12180	12215	ACTGCTTCTCCAGCCATTGTATCTATAAGCACTGCT	42.1	100.0	0.0	0	0	-	YAL064W-B	1
chrI	12247	12283	CCAAGGGGACAACAGAGCAAACCACAGTAGTTACAAT	42.8	100.0	0.0	0	0	-	YAL064W-B	1
chrI	12326	12362	GCCACAACAGAGTATACCACATGGTGCCCTATTTCTA	42.16	98.45304	0.0	0	0	-	YAL064W-B	1
chrI	12363	12392	GTTTCCACGGCCACCGTTACTGTTAGCGGT	43.98	99.73819	0.0	0	0	-	YAL064W-B	1
chrI	13378	13414	TTGGGCTGTTAGGTCATCGTCAAAAGAGTAAACGTGC	43.09	99.97471	0.0	0	0	+	TDA8	1
chrI	13424	13460	TCATCGCTAACAGTAGTAACATCAGGCAATTCCACGC	42.74	100.0	0.0	0	0	+	TDA8	1
chrI	13461	13494	TAACTGGCAGTGTATGCCAAGAAACAGCGTTTGA	42.05	100.0	0.0	0	0	+	TDA8	1
chrI	13525	13561	AGCATACATATACACAGTCCCTGCAATGTTATCGGGC	42.52	100.0	0.0	0	0	+	TDA8	1
chrI	13597	13633	AAAGTTTGTGGATGTAATTGGAGGTTGCTCTTGTGCA	42.08	100.0	0.0	0	0	+	TDA8	1
chrI	13634	13663	CAGCATCCGAATGCAACGTCGCCACCGACT	45.91	100.0	0.0	0	0	+	TDA8	1
chrI	13667	13703	AGAATTGCAGAGTCATCGACCTTAGCAAACCTGAACG	42.84	98.171524	0.0	0	0	+	TDA8	1
chrII	325	361	ATCAAATCTACCGTCTGGAACATCATCGCTATCCAGC	42.29	100.0	0.0	0	0	+	YBL113C	1
chrII	362	396	TCTTTGTGAACCGCTACCATCAGCATGTACAGTGG	42.94	100.0	0.0	0	0	+	YBL113C	1
chrII	397	430	TACCCTCGTGTTATCTGCAGCGAGAACTTCAACG	42.72	97.581436	0.0	0	0	+	YBL113C	1
chrII	431	467	TTTGCCAAATCAAGCCAATGTGGTAACAACCACATCT	42.46	100.0	0.0	0	0	+	YBL113C	1
chrII	468	504	CCGAAATCTGCTCCAAAAGATATTCCAGTTTCTGCCG	42.24	99.65125	0.0	0	0	+	YBL113C	1
chrII	513	549	TATTGTAGAACAGCCCTATCAGCATCGACAGGAATGC	42.29	100.0	0.0	0	0	+	YBL113C	1
chrII	550	580	CGTCCAATGCGGCACTTTAGATGGGGTAACT	42.11	100.0	0.0	0	0	+	YBL113C	1
chrII	581	610	CCCAGCGCAAGCTGATCTCGCAAGTGCATT	44.85	98.585045	0.0	0	0	+	YBL113C	1
chrII	620	656	AATTCATATCTGCTCCTCAACTGTCGATGATGCCTGC	42.76	100.0	0.0	0	0	+	YBL113C	1
chrII	657	686	TAAACTGCAGCTTGACGTACTGCGGACCCT	43.12	98.864006	0.0	0	0	+	YBL113C	1
chrII	687	716	GCAGTCCAGCGCTCGTCATGGAACGCAAAC	45.13	100.0	0.0	0	0	+	YBL113C	1
chrII	722	756	AAAACTCCAACTTTCTCGAGCGCTTCCACAAAGAC	42.34	96.02141999999999	0.0	0	0	+	YBL113C	1
chrII	757	787	CGTATCGTCTTTTGCCTCCCATTCTTCCCGG	42.25	99.752495	0.0	0	0	+	YBL113C	1
chrII	810	844	AAAAGTACTGCAGCACCTCTGTCTTCGATTCACGC	43.28	100.0	0.0	0	0	+	YBL113C	1
chrII	863	899	TAATACAACTCTTTGATCTGCCTTCCAGACATGCGGA	42.08	100.0	0.0	0	0	+	YBL113C	1
chrII	900	929	AAACTTGGCTCCCTTGCTTGCCTCTTGTCG	42.88	100.0	0.0	0	0	+	YBL113C	1
chrII	1033	1069	TTTCAAATATCCTACAGGGTCCCCATGATATGGCTCG	42.01	99.3918	0.0	0	0	+	YBL113C	1
chrII	1089	1125	TGTATTCCTCATCATTTCGCAGCATTCTCTCCACAGC	42.85	98.72283	0.0	0	0	+	YBL113C	1
chrII	1127	1163	AGTGCTTCCCAAGCTATCCTCCGATACGATACTTTCT	42.57	100.0	0.0	0	0	+	YBL113C	1
chrII	1164	1194	GGCCAGCCCAACAGACACAGAGCCCGAACAT	46.91	100.0	0.0	0	0	+	YBL113C	1
chrII	1201	1237	ACAGCCCTTGCATAATCCGTATTGTGTGAATACTCCC	42.64	100.0	0.0	0	0	+	YBL113C	1
chrII	1361	1397	TTTCTCTCTAGGAAAACCATTTGACTCCCTTTCCGCT	42.08	100.0	0.0	0	0	+	YBL113C	1
chrII	1418	1454	TCGGTGACTGGATGGAATCTATTATCCTCAGCATTGC	42.21	100.0	0.0	0	0	+	YBL113C	1
chrII	1455	1486	CATCTTTATTGGCGTCCTCCTTGGCACTAGCG	42.34	100.0	0.0	0	0	+	YBL113C	1
chrII	1487	1521	TTGGTACTTTCAGTGGTAGTGGCATTAGTGCTGGA	42.21	99.93585	163.064882	0	8	+	YBL113C	1
chrII	1522	1553	GTTGGTGCTAGCAGTGGTAGTGGCATTAGTGC	42.48	98.731026	0.0	0	2	+	YBL113C	1
chrII	1554	1584	TGGAGTTGGTGCTAGCAGTGGTAGTAGCACT	42.19	100.0	85.40178	0	2	+	YBL113C	1
chrII	1585	1617	AGTGTTGGAGTCGGTACTTTCGGTGGTAGTAGC	42.21	100.0	100.0	0	2	+	YBL113C	1
chrII	1618	1653	ACTAGTGTTGGAGTTGGTACTTTCAGTGGTAGTCGC	42.1	100.0	521.540096	0	8	+	YBL113C	1
chrII	1654	1689	ACTAGTCCTGACGTTGATGCTAGCAGTGGTAGTAGC	42.93	100.0	573.030795	0	7	+	YBL113C	1
chrII	1690	1726	ATTAGTGTTGGAGTCGGTACTTTCGGTGGTAGTAGCA	42.68	100.0	100.0	0	2	+	YBL113C	1
chrII	1781	1817	CTTTCAGTGGTAGTAGCACTAGTCCTGACGTTGATGC	42.34	98.39358	804.25212	0	10	+	YBL113C	1
chrII	1818	1849	TGGCAGTGGTAGTAGCACTAGTCCTGACGTTG	42.32	100.0	329.4261939999999	0	10	+	YBL113C	1
chrII	1850	1880	GTGCTGGCAGTGGTAGTAGCACTAGTCCTGA	42.33	98.43327	145.883445	0	8	+	YBL113C	1
chrII	1881	1912	CGTTGGTGCTGGCAGTGGTAGTAGCATTAGTG	42.24	99.95294	617.941295	0	9	+	YBL113C	1
chrII	1913	1948	CTGGAGTTGGTAGTCGCATTGGTAGTAGCACTAGTC	42.02	100.0	53.77720600000001	0	3	+	YBL113C	1
chrII	1949	1978	CTGACGTTGGTGCTGGCAGTGGTAGTAGCA	43.47	99.25571	666.3374699999998	0	8	+	YBL113C	1
chrII	1979	2012	TTAGTGCTGGAGTTGGTAGTCGCATTGGTACTGG	42.57	100.0	191.42346	0	6	+	YBL113C	1
chrII	2015	2051	TTAGTGTTGGAGTTGGTACTTTCAGTGGTAGTCGCAC	42.3	100.0	545.217624	0	8	+	YBL113C	1
chrII	2052	2082	TAGTCCTGACGTTGATGCTGGCAGTGGTAGT	42.34	100.0	863.2479	0	7	+	YBL113C	1
chrII	2083	2119	AGCATTAGTGCTGGAGTTGGTACTTTCAGTGGTAGTC	42.15	100.0	547.7713709999998	0	8	+	YBL113C	1
chrII	2120	2149	GCACTAGTCCTGACGTTGATGCTGGCAGTG	42.57	96.36276	837.7940199999997	0	10	+	YBL113C	1
chrII	2155	2191	AGCATTAGTGCTGGAGTTGGTACTTTCAGTGGTAGTC	42.15	100.0	547.7713709999998	0	8	+	YBL113C	1
chrII	2192	2221	GCACTAGTCCTGACGTTGATGCTGGCAGTG	42.57	96.36276	837.7940199999997	0	10	+	YBL113C	1
chrII	2267	2303	TTAGTGTTGGAGTTGGTACTTTCAGTGGTAGTCGCAC	42.3	100.0	545.217624	0	8	+	YBL113C	1
chrII	2304	2334	TAGTCCTGACGTTGATGCTGGCAGTGGTAGT	42.34	100.0	863.2479	0	7	+	YBL113C	1
chrII	2335	2364	CGCACTAGTCCTGACGTTGATGCTGGCAGT	43.63	98.61599	583.16017	0	10	+	YBL113C	1
chrII	2365	2398	GGTAGTAGCATTAGTGCTGGAGTTGGTAGTCGCA	42.23	97.743484	373.758659	0	8	+	YBL113C	1
chrII	2399	2432	TTGGTACTGGCATTAGCACTACCATGAATGCACG	42.02	100.0	0.0	0	0	+	YBL113C	1
chrII	2433	2466	TGTCGCTGTCCTCATCACTGCTGCAATACTTTCT	42.72	100.0	0.0	0	0	+	YBL113C	1
chrII	2467	2497	GCACCTGTCACTGCTATTGCTCTCCTGGAAG	42.06	100.0	0.0	0	0	+	YBL113C	1
chrII	2498	2529	CTAGACGGTAACGCAACGATCGACATGGAAGC	42.1	100.0	0.0	0	0	+	YBL113C	1
chrII	2530	2565	TGTCGCCTGATTTTCAGCCAATCTGTCCATTCTTTC	42.17	100.0	0.0	0	0	+	YBL113C	1
chrII	2566	2599	TATCAGTTCCACTGTGTCAGCAGACAGGTCTGTC	42.15	95.25233	0.0	0	0	+	YBL113C	1
chrII	2600	2629	CTGGAGCCACAGCATCCAACATGCTGGCCC	46.37	97.98125	0.0	0	0	+	YBL112C	1
chrII	2600	2629	CTGGAGCCACAGCATCCAACATGCTGGCCC	46.37	97.98125	0.0	0	0	+	YBL113C	1
chrII	2643	2679	TTTGATTCAAGTCCATAGAACTCGCGTACCTGTTCGG	42.5	99.88093	0.0	0	0	+	YBL112C	1
chrII	2683	2719	TACAGCCTTCCTTAATCGGTGGTAATTCACCCTTACG	42.07	100.0	0.0	0	0	+	YBL112C	1
chrII	2767	2800	CCCCATCTCTTAGTCTCCCTACGCCTTGAATGAG	42.07	97.166664	0.0	0	0	+	YBL112C	1
chrII	2907	2942	TCAGTGACAAACTCCTTTGTGCGAGACACCTTTTCT	42.71	96.24299	0.0	0	0	+	YBL111C	1
chrII	2943	2972	GCAGCACCCAAGCTTCCCGTGTATCCATAC	42.61	99.49240999999999	0.0	0	0	+	YBL111C	1
chrII	2982	3018	ATACTTTCTCCAAGAGCAGGCCAATTCTTCCACTTCG	42.7	100.0	0.0	0	0	+	YBL111C	1
chrII	3019	3050	TTGGTTGTGCTTGCAACTACAATGGCCTTCGA	42.62	100.0	0.0	0	0	+	YBL111C	1
chrII	3064	3100	TCAAAGAGGGCTAAAAGAAGCTTCAGTGCTTCTTCGG	42.89	100.0	0.0	0	0	+	YBL111C	1
chrII	3118	3154	TTCCAAATTTTATGAACATGCCCTAAAGGCACCTCGG	42.21	100.0	0.0	0	0	+	YBL111C	1
chrII	3172	3208	TTAAACATCCGTGTTGGATAGCTGGATAGACCTCTGC	42.11	100.0	0.0	0	0	+	YBL111C	1
chrII	3209	3241	TGAGATCTTCCGACCGTTTGAGCTCGTTGATGT	42.56	97.63467	0.0	0	0	+	YBL111C	1
chrII	3242	3271	CCATCGACTTCTTGGCCAGTCCCGTAAGCC	43.8	100.0	0.0	0	0	+	YBL111C	1
chrII	3272	3301	CAATACGCTGCAACGCAGCATCAGCAACAG	42.57	98.828964	0.0	0	0	+	YBL111C	1
chrII	3368	3397	CCCCAAATTGCGACTGCCGGTAGACCTCCG	45.58	98.28581	0.0	0	0	+	YBL111C	1
chrII	3428	3464	GGTAACCCAATTTTACGTTGTTGGTCCTAAAGGTGCA	42.05	100.0	0.0	0	0	+	YBL111C	1
chrII	3465	3500	CTCAACAATATTCTCCCACGCAGCTATCCTGTCTGT	42.32	100.0	0.0	0	0	+	YBL111C	1
chrII	3523	3559	TCGTAGATCCCCACGTATAAATCAGTAACGCCATCGC	43.34	99.32217	0.0	0	0	+	YBL111C	1
chrII	3570	3606	AATAAAGTTTCTTACAGGGGCCACATTCAAGCAACCG	42.28	100.0	0.0	0	0	+	YBL111C	1
chrII	3607	3636	CGTCGGCCCAACCTGATCATGCAATTAGCA	42.78	99.11638	0.0	0	0	+	YBL111C	1
chrII	3637	3671	AGCAACACTGTGTACGGTACAAACAGAAACGACAC	42.04	99.83406	0.0	0	0	+	YBL111C	1
chrII	3672	3706	ATATTTCACGTCGCCCTTAGATGCCAGTGCTATCA	42.3	99.45177	0.0	0	0	+	YBL111C	1
chrII	3707	3742	AGGGGAGATGAAATAACTCCGTCTTACCATAGCCCG	43.04	98.38602	0.0	0	0	+	YBL111C	1
chrII	3743	3772	GTGGGGCCTGTACTGCCACAGAGGGTGTGT	46.46	99.02175	0.0	0	0	+	YBL111C	1
chrII	3784	3818	ATTTCATGACATAAGCGCAACTGATGCAAGTCCCT	42.01	100.0	0.0	0	0	+	YBL111C	1
chrII	3819	3851	GAATTCAAAGGAGCTGCCAAAGAGTTTCCGGCC	43.11	98.13045	0.0	0	0	+	YBL111C	1
chrII	3852	3883	TGCGACGAGGATATCGTTTGTACTCTTGGGCT	42.4	100.0	0.0	0	0	+	YBL111C	1
chrII	3916	3947	TTTTGATCATGATCTGAACTCGCCGCCTCACC	42.15	100.0	0.0	0	0	+	YBL111C	1
chrII	3948	3977	TGCCACTACGTCTTCCGCATTCCGAGTACT	42.55	100.0	0.0	0	0	+	YBL111C	1
chrII	3980	4016	AGAATGAACAATGGTAGTCGCTTTCAAGGCCTAACCA	42.54	100.0	0.0	0	0	+	YBL111C	1
chrII	4017	4046	TTGAATCCAGCGCTCGGAAGTGAGTCCGTC	43.42	100.0	0.0	0	0	+	YBL111C	1
chrII	4047	4077	AAGCGTCTTTAGTCGAGGCTCCGATGAACCG	43.1	100.0	0.0	0	0	+	YBL111C	1
chrII	4078	4112	TTCTTGTTGTATCGTCGACGTATACGTTGCGCTGT	42.65	97.80863000000001	0.0	0	0	+	YBL111C	1
chrII	4274	4310	ACTTTATCTCAGTGGGTTTACGTGGGCATAGATCACG	42.19	100.0	0.0	0	0	+	YBL111C	1
chrII	4311	4342	CTTCAGCCGCTCTGTGTCGACTTTCTTTTCGC	42.87	100.0	0.0	0	0	+	YBL111C	1
chrII	4439	4475	TGGTGCTTTTCTGAAGACTCCTTACAATAGGTGTGCC	42.64	100.0	0.0	0	0	+	YBL111C	1
chrII	4479	4515	AACAAAGTCAGTGAAAGTACGCATCGTAGAGCTGTCG	42.65	100.0	0.0	0	0	+	YBL111C	1
chrII	4516	4545	TTCGGCCTGGCACTCGCTATTTCGTAACAA	42.05	99.94672	0.0	0	0	+	YBL111C	1
chrII	4679	4715	TCTTGGGAATAAGATACTTTGAAGGGATTGGTCCGCC	42.37	99.413414	0.0	0	0	+	YBL111C	1
chrII	4716	4752	CTGGAAATCTGGTTCGTCTTCAACAAACGTCAGGAAC	42.16	100.0	0.0	0	0	+	YBL111C	1
chrII	4847	4883	TTAGACCAGACTTTTCGTCTTCGTAGAATGACCGCAC	42.26	99.83875	0.0	0	0	+	YBL111C	1
chrII	7622	7655	AGATACCGTCCTTGGATAGAGCACTGGAGATGGC	43.24	97.66043	97.66043	0	2	+	PAU9	1
chrII	7656	7689	TGGCTTTAATCTGCTGGAGTACCATGGAACACCG	43.0	99.68689	99.68689	0	2	+	PAU9	1
chrII	7690	7724	GTGATCATTCTGGTCACTTGGTCTGGGGCAATACC	43.13	100.0	93.64412	0	2	+	PAU9	1
chrII	10008	10044	TATTTTGCTCGCAGTTTTGCCTTAAAATGCCCTCTGT	42.43	100.0	0.0	0	0	+	MIX23	1
chrII	10070	10106	TTTCTATTATTTGCCACCCACTCTGTCACCTTCGTCC	42.51	100.0	0.0	0	0	+	MIX23	1
chrII	10114	10150	ATATTGAGCTTCCTGTTTCTCCGCTCTTTCTCTTGCA	42.37	100.0	0.0	0	0	+	MIX23	1
chrII	10155	10191	AAGGATCAATTCTTGCGTCTATAAGTGGTTCCGCAGT	42.37	100.0	0.0	0	0	+	MIX23	1
chrII	10201	10235	ATTATTACCGCACTGCTGATCGGTCTCGTTCTTCA	42.29	100.0	0.0	0	0	+	MIX23	1
chrII	10422	10458	TCAAGCTTGGATCAACACATCTTTCTCGCGTAACTGT	42.66	100.0	0.0	0	0	+	MIX23	1
chrII	10496	10532	AGATTTGTTTCAAGTAAGCTTTGGGGTGCCGTAAACG	42.44	100.0	0.0	0	0	+	MIX23	1
chrII	10850	10884	AAAACCTACAGCGCTCTTCATCATATCCCTTCCCG	42.63	100.0	0.0	0	0	+	SRO77	1
chrII	10885	10921	TTTCTTCCATTGCGTCATTCATGGTTTGTCCCATTGT	42.3	100.0	0.0	0	0	+	SRO77	1
chrII	10941	10977	GTGGTTTCTACCGTGTCTAAACGAGTTTCAATTGCCC	42.21	100.0	0.0	0	0	+	SRO77	1
chrII	11003	11039	TCCATTACTTCTTCCAGAGCTTCTTACAGGTCTGGCA	42.83	100.0	0.0	0	0	+	SRO77	1
chrII	11040	11074	TACCTGTGATCTTCCGTACCGGGAGGTAACTTTCT	42.49	100.0	0.0	0	0	+	SRO77	1
chrII	11084	11120	ACTACTACTGGAAGATATGCATCCTCGAGCAATTGCG	42.23	100.0	0.0	0	0	+	SRO77	1
chrII	11121	11157	CTTTCCTCATACTTCGATTCGGGCCTTTCTATACCGC	42.53	100.0	0.0	0	0	+	SRO77	1
chrII	11195	11231	AGTTCCTCTAGCCCATTGTAAGGAATTCACTTGAGGC	42.32	100.0	0.0	0	0	+	SRO77	1
chrII	11280	11316	TGTTGTGATATGTCAGCAGTATGATTCGTTCCGGTGG	42.61	100.0	0.0	0	0	+	SRO77	1
chrII	11329	11365	GTACTGAAATCAAAGAGGCTTGGAATTTCCCTGTGCG	42.36	100.0	0.0	0	0	+	SRO77	1
chrII	11395	11431	ATGAATTTTCAACGTATTGAGCGCTTAGAGGGACCGG	42.94	99.409775	0.0	0	0	+	SRO77	1
chrII	11563	11599	ATCCACTAGTGGCAATTGGATACTTGAAAAGCGCATG	42.17	100.0	0.0	0	0	+	SRO77	1
chrII	11614	11650	TACCTGGTGATACTAAACGAATGTCATTTGCGCCACT	42.48	100.0	0.0	0	0	+	SRO77	1
chrII	11658	11694	ACAAATCCAGGTATTGCGATACCCTTGCTTAAACCCT	42.54	100.0	0.0	0	0	+	SRO77	1
chrII	11819	11855	AGTTGCAGGCAGTATTTTGAAAGTCATCAATTCCCCG	42.29	100.0	0.0	0	0	+	SRO77	1
chrII	11891	11927	CCCATCATCTCCATATTCCATGACGCAAAAGTGAACG	42.13	97.24774000000001	0.0	0	0	+	SRO77	1
chrII	11970	12006	TTTTCATTGAAGATTATAGCCGGGCCTCTTCTGTCCA	42.19	100.0	0.0	0	0	+	SRO77	1
chrII	12012	12048	ATTAAGGTTCCTTCAATGAAACCAACGGCAACGAACC	42.49	100.0	0.0	0	0	+	SRO77	1
chrII	12104	12140	ACTTGGTATAAAGCCTTGTTTAACGTTCGTAGGCCCT	42.35	100.0	0.0	0	0	+	SRO77	1
chrII	12187	12223	ATCTGCTAAACTTCAATTGCAGTGCATCGCTTTTGGG	42.86	100.0	0.0	0	0	+	SRO77	1
chrII	12258	12294	AAAAGAATAACATCCCCAACCTCAGATGATACCGCCA	42.24	99.03478	0.0	0	0	+	SRO77	1
chrII	12380	12416	TACAGCGTTGTCAGTTACTTCACTGTGTGAAGCATCC	42.74	99.66677	0.0	0	0	+	SRO77	1
chrII	12437	12473	ACTATGCCCAGTTAGTAAAGCAGATCTGGTCTCATGC	42.15	99.65764	0.0	0	0	+	SRO77	1
chrII	12511	12547	AAAACGATTCACTTTGAGCGATTGTCATCATCCCCAG	42.08	100.0	0.0	0	0	+	SRO77	1
chrII	12563	12599	AACTGATTGCGCTATACAAGTAGTAACCGTTGGTCGA	42.05	99.05899000000001	0.0	0	0	+	SRO77	1
chrII	12600	12630	ACCCATGCTAAGCTCCGAGGGAAAATGGAGG	43.18	100.0	0.0	0	0	+	SRO77	1
chrII	12643	12679	AAGAGCCTGCTGGGTATATCAATGTTTCAAGTTCGCC	43.05	99.93037	0.0	0	0	+	SRO77	1
chrII	12700	12736	TGAGGTTTGTGTCATGGCATCCACCAAAATATGGAGA	42.66	100.0	0.0	0	0	+	SRO77	1
chrII	12737	12773	AGCCTTCGGCAAGGGTAGAAAATTTATTAGTGGAGCT	42.35	100.0	0.0	0	0	+	SRO77	1
chrII	12797	12833	TTGTTGAACCGGTTTAGCATAGTACTTGCTCATTGCG	42.12	100.0	0.0	0	0	+	SRO77	1
chrII	12834	12868	TCAAATGATGTCACAGAATACATTGGTGTGCCGCC	42.41	98.71751400000001	0.0	0	0	+	SRO77	1
chrII	12924	12960	GCAATCAACAACGATGTATACTCAGGATTACGCTGGC	42.04	98.999306	0.0	0	0	+	SRO77	1
chrII	12982	13018	TAGCGGGTGTTTCTGTAAAGGAACAGTCTTTCAAGGC	42.86	100.0	0.0	0	0	+	SRO77	1
chrII	13054	13090	TTCTAGCGTGAATCAGTTTACCGCTATTGACATCCCA	42.04	100.0	0.0	0	0	+	SRO77	1
chrII	13138	13174	TTGGGTGATAAAGTGACTGAATGACCTTTGGAGTGCG	42.91	100.0	0.0	0	0	+	SRO77	1
chrII	13175	13211	TTTCTTTTCTATGTTTGTGGATAGATCACCGCCCGGA	42.25	100.0	0.0	0	0	+	SRO77	1
chrII	13428	13464	TAGATCAATATGGATCCACTCTCGAGGCCAATCAGCA	42.68	99.67951	0.0	0	0	+	SRO77	1
chrII	13469	13505	ATCCAAGGACGGATCAGTCTCAATACAAGTGATGCTG	42.25	100.0	0.0	0	0	+	SRO77	1
chrII	13656	13691	ATTTGCTTTTGCCCATAAACATGTATCTCCCCAGCA	42.08	100.0	0.0	0	0	+	SRO77	1
chrII	13697	13733	TGCAACTGCCAAAAGGCTTTGAGTATAGTCGAATGTG	42.16	100.0	0.0	0	0	+	SRO77	1
chrII	13800	13836	ATACCATTTGAGACGTCATGAACTCTCGCGGATTTGA	42.29	96.8507	0.0	0	0	+	SRO77	1
chrII	14267	14303	AGGAAAATCCTCTAAACTCTTCTTGCTGGCTCGTTGT	42.33	100.0	0.0	0	0	+	PKC1	1
chrII	14304	14335	CAAAACAGAGGGCAGAGGTGTAAGTGTGGGTG	42.27	100.0	0.0	0	0	+	PKC1	1
chrII	14379	14415	AGATTTAATTTCTGGGATGTAGGGTGGTTTCACGCGA	42.41	100.0	0.0	0	0	+	PKC1	1
chrII	14443	14479	TTACGGAAGAAAGGTTCTTCCATAACTTCGTCTGCGT	42.19	100.0	0.0	0	0	+	PKC1	1
chrII	14480	14509	CCCTGGGACCAGCACCCAACCTCTTTTCAG	43.94	100.0	0.0	0	0	+	PKC1	1
chrII	14602	14638	ACTTCATCTTCGTCATCTCCTGAGAATGGAGATTGGC	42.12	99.631325	0.0	0	0	+	PKC1	1
chrII	14639	14673	ACAGTAGCATTTGATATAGCAGCACCCCAAATGCC	42.13	100.0	0.0	0	0	+	PKC1	1
chrII	14714	14750	TTTCTGGAGCCATAAATTCTGGTGTGCCACAAAATGT	42.17	100.0	0.0	0	0	+	PKC1	1
chrII	14872	14908	TCATGAAAATATTTCAGAGCCAGTAAGACCTCGGCGG	42.53	98.61063399999999	0.0	0	0	+	PKC1	1
chrIII	6544	6580	TTTCCTCATCTGGCAAGACAACCAAACCATCTTCAGT	42.7	100.0	0.0	0	0	+	GEX1	1
chrIII	6581	6617	GAATTCTTCGTGTGTCGCCTTGTCTATTAGTTCCGGG	42.82	100.0	0.0	0	0	+	GEX1	1
chrIII	6625	6661	TGAACATTGTAAACGCAAAGAACGGTACCGTACATGC	42.31	100.0	0.0	0	0	+	GEX1	1
chrIII	6694	6730	ATCTGTAAGATTCAACCACAGCATCTCTTTCGGGTGA	42.06	100.0	0.0	0	0	+	GEX1	1
chrIII	6792	6828	TCGTTTCCAAGGTTCTTGTAGAGTTGGTTAGGCATGG	42.62	100.0	0.0	0	0	+	GEX1	1
chrIII	6829	6859	TTTGTGTCCATATGGCACCAGAAACGGAGGC	42.48	100.0	0.0	0	0	+	GEX1	1
chrIII	6860	6894	ACCGATAGCAGCGCCTAGCTTTGAAAAGGTATACT	42.26	100.0	0.0	0	0	+	GEX1	1
chrIII	6895	6928	GGATGCCGGTTATTACAGCCATCCTACTATGCGT	42.62	100.0	0.0	0	0	+	GEX1	1
chrIII	6929	6963	AGTCATGGCTTGCAGTATGACGATCACTGAATTGC	42.08	99.49446999999999	0.0	0	0	+	GEX1	1
chrIII	6964	7000	TGCATAGGAGACCACTCAAACCCATGATAACAGATGC	42.48	99.87784	0.0	0	0	+	GEX1	1
chrIII	7001	7033	AGCGATAACACCTTCATGAGACCCAGATCCTCC	42.17	97.401375	0.0	0	0	+	GEX1	1
chrIII	7047	7076	AAAAGGCCCATGCACACCATCCATGCAGCA	44.83	100.0	0.0	0	0	+	GEX1	1
chrIII	7089	7125	ACAGAAAGTTTCAGTTTCCTTGTCTTTGCCACCAACA	42.1	93.10106	0.0	0	0	+	GEX1	1
chrIII	7127	7163	ACTGTAGAATGGAGATGCAGTAGCAGCAACAAAGTCA	42.32	100.0	0.0	0	0	+	GEX1	1
chrIII	7164	7195	GGAAGGTTTACTATCCGAGCAGCCGAAGTGGA	42.64	100.0	0.0	0	0	+	GEX1	1
chrIII	7268	7300	AAAAGTAACACCAAGGGGTGCCCAAATTCCACG	42.81	98.78729	0.0	0	0	+	GEX1	1
chrIII	7313	7349	TTTGAACGGTAGAAGAGGAGATTTGGCAAATTTGGCC	42.28	100.0	0.0	0	0	+	GEX1	1
chrIII	7410	7446	GAATTGTGCCACTTCTGTGATGTCTCATTAGCCAACG	42.3	100.0	0.0	0	0	+	GEX1	1
chrIII	7447	7478	TCAAAGGGACAAGGATACACCCTAGCGACACA	42.13	100.0	0.0	0	0	+	GEX1	1
chrIII	7530	7566	TTCTCAAATAATCCGCCCGTTCTTTCCTTTCTAGCCT	42.28	100.0	0.0	0	0	+	GEX1	1
chrIII	7633	7669	TAATTGGCAAGGCAGAGAGTGGGTAAATAAAAGCCCA	42.7	100.0	0.0	0	0	+	GEX1	1
chrIII	7750	7786	ATGGCCAATATGAGGCGTACTGGTAAAACATTCTCCA	42.37	100.0	0.0	0	0	+	GEX1	1
chrIII	7813	7849	TTAATGTCAGGAGCAGATTTGTTCCGACGTATCCACA	42.15	100.0	0.0	0	0	+	GEX1	1
chrIII	7853	7889	ATAGAAAACCGATCCTGCTGCATACATTGTGAGACGG	42.68	98.73216	0.0	0	0	+	GEX1	1
chrIII	7944	7979	AAAAGCCTTAGTCTTCCGAAGTGGTCAGAGAGTCTG	42.01	100.0	0.0	0	0	+	GEX1	1
chrIII	7980	8015	GAGTAGACAACTTGGGATCCGACACTTACAACAGCA	42.3	96.33748	0.0	0	0	+	GEX1	1
chrIII	8039	8075	TAAGGAGTGTTCTGAATATGAGTTCGTCGCATAGCCC	42.03	99.26212	0.0	0	0	+	GEX1	1
chrIII	8213	8249	CGATGTCATAGAGTACGTGTCATCGTTTGAGTGACGT	42.04	96.26694	0.0	0	0	+	GEX1	1
chrIII	8250	8286	TCTCGCTCAATAATCTCACAGGACTGCCTAATTCCAC	42.07	100.0	0.0	0	0	+	GEX1	1
chrIII	9711	9747	CCCAACACTAGCAACAACTCTACCGACAATGAGCATA	42.45	100.0	0.0	0	0	-	VBA3	1
chrIII	9748	9782	CCAATAACAAAGCAAAGCGTTTGAAGTCCGCTTCC	42.14	100.0	0.0	0	0	-	VBA3	1
chrIII	9783	9816	CAATGGACGTGACCTTTCACCAACCATCGTACAA	42.02	100.0	0.0	0	0	-	VBA3	1
chrIII	9818	9854	GCAGCTACAGCAAATGCACAACTTAGGATGGAAATCA	42.28	100.0	0.0	0	0	-	VBA3	1
chrIII	9856	9891	GGTTGTAAAGGCACCTCCGATTATAGGACCAACGAT	42.36	99.400215	0.0	0	0	-	VBA3	1
chrIII	10088	10124	GAGCAGAGGGCAAAACCAAAGAAGTCAAACTTGAAGA	42.14	99.6229	0.0	0	0	-	VBA3	1
chrIII	10125	10154	AGCCCCAGTAGGAAAAGGACCAGCCCTGCA	46.14	99.62579000000001	0.0	0	0	-	VBA3	1
chrIII	10175	10211	ACCAAATATGCGATGACTTGGCCAGAGTTCCAACTAT	42.49	100.0	0.0	0	0	-	VBA3	1
chrIII	10271	10307	AGAGGCCTGTAGGATATATTATCAGGTTCCGGGTTGA	42.13	98.72036999999999	0.0	0	0	-	VBA3	1
chrIII	10375	10411	ACTGGACAGAGTATATCATTTGCCCATTGTAACCGGT	42.04	100.0	0.0	0	0	-	VBA3	1
chrIII	10413	10449	GGCTTTCCATGCACTCGACGCAAATATAAGTTGGAAA	42.36	100.0	0.0	0	0	-	VBA3	1
chrIII	10463	10499	GCAATGGCCGCAATAACGTTGGTAATAACGATTGGTA	42.39	100.0	0.0	0	0	-	VBA3	1
chrIII	10544	10580	CCTGCTCCAATTACCCCAAGAACGCCTCCAAATATTA	42.7	100.0	0.0	0	0	-	VBA3	1
chrIII	10603	10637	AGCAAAACACCAATTTGAGTTGACTTCGTGGACGT	42.35	98.77756	0.0	0	0	-	VBA3	1
chrIII	10638	10673	GCTTGTAGAGCAAATCCAAGGGAAAACCCCGGTAAT	43.22	100.0	0.0	0	0	-	VBA3	1
chrIII	10675	10711	GATCTTTGGTAATTTGAAGCTGTGCACTCATGAGCGA	42.02	100.0	0.0	0	0	-	VBA3	1
chrIII	10760	10796	AGCACACCACCAAGAGTTGTACCTAATGACTTCATGA	42.03	100.0	0.0	0	0	-	VBA3	1
chrIII	10810	10844	GCTCGTGATACTTTGTTGTGAAAGGAGGCGGAAAA	42.26	98.61745	0.0	0	0	-	VBA3	1
chrIII	11556	11592	TTGTGGGATAGGATAGTAGCAACTCTTGGAGGAGAGC	42.6	100.0	0.0	0	0	+	YCL068C	1
chrIII	11645	11677	GGGGATGGCTTTTGCCATTTGTGAGAGTTGTGC	43.51	100.0	0.0	0	0	+	YCL068C	1
chrIII	11745	11781	GTAAATCGTCCTGTCCCATTACGAGCTGTAGTAGTGC	42.24	99.84586999999999	0.0	0	0	+	YCL068C	1
chrIII	11842	11878	TTCCTGAGTTGCATGTTGGATTGAGTTTACGAAGGGT	42.65	100.0	0.0	0	0	+	YCL068C	1
chrIII	11881	11910	CCAGACGGCCAGAAACCTCCAGGCGGAGTT	46.56	99.01011	0.0	0	0	+	YCL068C	1
chrIII	11911	11947	AACAACTAGTAATACGGCATCCATGTTTGCATCAGCG	42.07	100.0	0.0	0	0	+	YCL068C	1
chrIII	11948	11984	CCGAGCCTATACCAGTCACTGAGTAGACGTTTTCTTG	42.04	99.35494	0.0	0	0	+	YCL068C	1
chrIII	12016	12045	GGGGCATTCTCTAGAGACACAGGCAGTTGC	42.2	99.24802	0.0	0	0	+	YCL068C	1
chrIII	12046	12075	TTCCAGCAACTGCCGTACGGCCGTTCTCAT	45.15	100.0	0.0	0	0	+	YCL068C	1
chrIII	12179	12215	TTAACTCTTCTTGAGACAATTTGGCCCTGGATAGCGA	42.09	100.0	0.0	0	0	+	YCL068C	1
chrIII	12216	12249	AGCGTGCGGTTACAAATAGGTCGTCTTGTTCAAG	42.1	100.0	0.0	0	0	+	YCL068C	1
chrIII	12411	12440	TCACCGCTCAAGAGGTCCGCTAATTCTGGA	42.48	100.0	0.0	0	0	+	HMLALPHA2	1
chrIII	12534	12570	AGGCCCTTGGTATCTAGATATGGGTTCTCGATGTTCT	42.26	100.0	0.0	0	0	+	HMLALPHA2	1
chrIII	12654	12690	TCTTGAGTTACCACATTAAATACCAACCCATCCGCCG	42.71	100.0	0.0	0	0	+	HMLALPHA2	1
chrIII	13368	13398	GCTTGGCCTCACATGCTCAGCTAGACGTTTT	42.56	100.0	0.0	0	0	-	HMLALPHA1	1
chrIII	13571	13607	CCGGAGCCAAACTGTGAGTAATATGCTCTAAAAGCCA	42.7	100.0	0.0	0	0	-	HMLALPHA1	1
chrIII	13615	13651	GCCATTCTTCAGCGAGCAGAGAAGACAAGACATTTTG	42.42	98.07974	0.0	0	0	-	HMLALPHA1	1
chrIII	13652	13681	CCCATATTCCGTGCTGCATTTTGTCCGCGT	43.28	100.0	0.0	0	0	-	HMLALPHA1	1
chrIII	13750	13786	CATCTTCCCAATATCCGTCACCACGTACTTCAGCATA	42.07	100.0	0.0	0	0	-	HMLALPHA1	1
chrIV	1832	1868	GGGATTCGAGCTGTTTGAAGGATAACACATCTACGCT	42.49	99.25098	0.0	0	0	-	COS7	1
chrIV	1934	1970	GCCATAATAGCATCCAGATGCGAAACGCTAAGGACTT	42.9	100.0	0.0	0	0	-	COS7	1
chrIV	1972	2007	CAATTGTTGGAAAGTTTCCACCAGACGCTAAGTGGT	42.22	100.0	0.0	0	0	-	COS7	1
chrIV	2013	2049	CCCAGAAACAGGACCAGAAGTGAAACTATAAGTGGGT	42.08	100.0	0.0	0	0	-	COS7	1
chrIV	2138	2174	CGACTTCCCAATCATGAGGATCAGAACTTGGTGTGTT	42.65	99.89593	0.0	0	0	-	COS7	1
chrIV	2308	2344	AGGGACAGAATCCTTAAATGACTTAACCTTGGCAGCT	42.2	100.0	0.0	0	0	-	COS7	1
chrIV	2349	2385	TCAAATCCTGTAGCATACACTTGCAAAGCCTCTTCGA	42.47	100.0	0.0	0	0	-	COS7	1
chrIV	2413	2442	TCTTCCAGGCCAACAGGGCTCCATGATTTT	42.03	100.0	0.0	0	0	-	COS7	1
chrIV	2443	2477	GCTTGGACCGATGAATATCCTTGGGAAGCTGAACG	43.37	100.0	0.0	0	0	-	COS7	1
chrIV	2564	2600	ACAATCCAGGACACAAGATACGAAATGCAAGGCAAAA	42.09	100.0	0.0	0	0	-	COS7	1
chrIV	2605	2641	CGTCCTCATATTTTGGAAAAGCCACACCATCATGAGG	42.17	100.0	0.0	0	0	-	COS7	1
chrIV	2693	2728	GTCCCATCCATTCGCACCACTTTCTTGCTCATTTAT	42.11	100.0	0.0	0	0	-	COS7	1
chrIV	2825	2858	TCTTTGCAGATAGAAGGCGGTAGAAGAAGTGGCT	42.15	100.0	0.0	0	0	-	COS7	1
chrIV	2893	2927	TGCGGGACAATTGCGCTTCTTTAATATATGGCCAT	42.13	100.0	0.0	0	0	-	COS7	1
chrIV	6030	6066	GCGACTTAGCCTTTCCTGGGTATACATTCGAGTCACT	43.21	100.0	0.0	0	0	-	MPH2	1
chrIV	6109	6145	TCCGGACTGAACTCAACATGAACAATATCTAAGCCGT	42.02	100.0	0.0	0	0	-	MPH2	1
chrIV	6179	6215	CTCCTTGGCATCCTCAGTAGCGTCAAATATCTCTGTT	42.09	98.81088000000001	0.0	0	0	-	MPH2	1
chrIV	6216	6248	CGCAAGTGGCATTCCTCTTTCACTTTCGTCTGC	43.06	96.16282	0.0	0	0	-	MPH2	1
chrIV	6249	6283	CAAGCTGCTGCCTTGGGATATGTATTCAATGCTGT	42.26	100.0	0.0	0	0	-	MPH2	1
chrIV	6307	6343	GCTCCAAGAATAGCTGTGTCGTACCCTTCCATGATTA	42.11	100.0	0.0	0	0	-	MPH2	1
chrIV	6389	6425	CCATGACGCTGAAATTTCCCATTCTCCAGTTTTGTCA	42.24	100.0	0.0	0	0	-	MPH2	1
chrIV	6430	6466	ACAATTTCACCTGCCATATAACATAAGGTCAGCCCGA	42.37	100.0	0.0	0	0	-	MPH2	1
chrIV	6469	6498	GATCCACGGAGGGCCCCGTTAGCTGTAGCC	46.46	98.689064	0.0	0	0	-	MPH2	1
chrIV	6565	6601	TGTCCCACAGCAATCATGCCTAAACTATTGCAAAAGT	42.01	100.0	0.0	0	0	-	MPH2	1
chrIV	6602	6631	AAACAACCCCATGGCATCCCGCACAATGCT	44.81	100.0	0.0	0	0	-	MPH2	1
chrIV	6633	6669	GGCATATTTCAGAAGCGTAAGACACCGTCAAACACTG	42.21	99.95153	0.0	0	0	-	MPH2	1
chrIV	6792	6828	GAACTGGCAAAATCCACTGTAGGGCAAATGGTAGTTT	42.15	100.0	0.0	0	0	-	MPH2	1
chrIV	6896	6932	GCCGCTTAAAGTTCTTCTAAGTGATCTCCTTGCCTCA	42.47	100.0	0.0	0	0	-	MPH2	1
chrIV	7057	7093	GCCCAGCAGAGACAAGTAATTCTCGTTCTTCTTCGAT	42.41	98.90545	0.0	0	0	-	MPH2	1
chrIV	7143	7179	TGAAGGACATTTCAGTACTAACGCCAGCCTTTTCGTA	42.24	100.0	0.0	0	0	-	MPH2	1
chrIV	7202	7238	CGCCCACCAAGATAGAAATGTAGCACAAATACCGAGA	42.51	100.0	0.0	0	0	-	MPH2	1
chrIV	7257	7293	TGGTTTGGAAGGCTAGTCCAAAAGCGTAAAGGTCATA	42.37	100.0	0.0	0	0	-	MPH2	1
chrIV	7300	7334	CGTACTTGAGCACCCCAAACCGCCAATAATGAAAA	42.54	100.0	0.0	0	0	-	MPH2	1
chrIV	7336	7372	GCCATTAAAAGAGAACCACTTCCCATTTTGGAACCGT	42.29	100.0	0.0	0	0	-	MPH2	1
chrIV	7518	7554	CGCCCCAGTTCCACTTCTTAGAGTTCAGTTGGTATAA	42.03	100.0	0.0	0	0	-	MPH2	1
chrIV	7593	7628	AGTTTCTGGTAGGTCAACCACAGCCCAGATTAAAGT	42.18	100.0	0.0	0	0	-	MPH2	1
chrIV	7728	7760	CCTTGGGGTCGTTATGAGAGACGTCTTTAGGGG	42.39	96.9292	0.0	0	0	-	MPH2	1
chrIV	7767	7803	GGGATACATTGCTATTCCTCTGCAATGGAAGCTTCGA	42.65	98.251396	0.0	0	0	-	MPH2	1
chrIV	8701	8737	AATAGTCTTGACTACCTCTCCACCATGGGCAATGTTG	42.31	100.0	0.0	0	0	+	SOR2	1
chrIV	8777	8813	TGGGTTATCAATGGCTTGACATTGACTTTTCCTGTGG	42.01	100.0	0.0	0	0	+	SOR2	1
chrIV	8814	8846	CAACCAAGTTCACAGCGTCACGATAATCACCGA	42.02	96.34040999999999	0.0	0	0	+	SOR2	1
chrIV	8919	8952	TTTTACCCATACCGACTTGCACCATGGTACCTCC	42.72	97.70464	0.0	0	0	+	SOR2	1
chrIV	8953	8989	AACCTTAGTTGTTTTGACAGCGGCATCAATGCAAACA	42.77	100.0	0.0	0	0	+	SOR2	1
chrIV	8990	9021	TCAGCACCTGAACACTCAAACACCACATCTGC	42.38	100.0	0.0	0	0	+	SOR2	1
chrIV	9022	9051	GTGATTTCCGCCCAAAAGCTTTTGGACCCC	42.29	100.0	0.0	0	0	+	SOR2	1
chrIV	9052	9081	ATCGGCCAAGTCTTGGGCTTTATCGGTGGA	43.21	100.0	0.0	0	0	+	SOR2	1
chrIV	9082	9116	AAACTGGGAAGAATTGAAAGTGTTTGTGGCTCCGA	42.03	98.549255	0.0	0	0	+	SOR2	1
chrIV	9122	9158	TTTGCTCTCTGTAGCTTGTTGTCGAATACATCGACGA	42.12	98.38172	0.0	0	0	+	SOR2	1
chrIV	9159	9188	AAATGACGTCGGTGGCACCAAAAGCGCGGG	46.68	100.0	0.0	0	0	+	SOR2	1
chrIV	9189	9218	CGACTGCGCCAGTTAAAAGCCCCACAGGAC	44.59	98.51871	0.0	0	0	+	SOR2	1
chrIV	9219	9254	CTGCACCAAATACAACAACTTTGGTACCAAAGCGGA	42.54	100.0	0.0	0	0	+	SOR2	1
chrIV	9270	9306	TAGAGTGTACACCGACTGATAAGGGTTCGACACAAGC	43.05	94.83238	0.0	0	0	+	SOR2	1
chrIV	9307	9336	GCCCTCTTCATAACTGACGCCTTCTGGCAA	42.19	100.0	0.0	0	0	+	SOR2	1
chrIV	9369	9405	ACTTCACAAGAGTACCATCAATTGGAGGAGTTGCAGC	42.81	99.88513	0.0	0	0	+	SOR2	1
chrIV	9406	9442	AAATGCCATATGTGGGCAAAGGTTATAGCTCCCTTCT	42.52	100.0	0.0	0	0	+	SOR2	1
chrIV	9443	9476	TTGGTCTCATCAGAGTAACGGCTAGGAACACCAG	42.07	99.20912	0.0	0	0	+	SOR2	1
chrIV	9477	9510	GTTCAATAGCAACACGGTCACCAACTTTGACCCT	42.22	100.0	0.0	0	0	+	SOR2	1
chrIV	9511	9540	TGTGACGGCATCACCAACTTCCACAACCTG	42.61	100.0	0.0	0	0	+	SOR2	1
chrIV	9541	9573	TCCGCTTGATTCATGACCTAAAACCATTGGCGC	42.79	98.03355400000001	0.0	0	0	+	SOR2	1
chrIV	9619	9652	ATCAGAGCCGCAGATACCAGTGGCTTTAATAGCT	42.29	98.958	0.0	0	0	+	SOR2	1
chrIV	9667	9700	GGGGTCCTTAATGGTAGGGATTGGTCTTTGCTCG	42.95	100.0	0.0	0	0	+	SOR2	1
chrIV	9701	9737	ATGGCAATATCGCCGACTTTCTCTAGAACTACTGCAG	42.19	100.0	0.0	0	0	+	SOR2	1
chrIV	11688	11724	TCTTTCCAGCTTTTCTTCTTAGCCTCAGTTTCCCTGG	42.54	100.0	0.0	0	0	+	HXT15	1
chrIV	11725	11754	AAGAAGCTCCTCTCCTTGAGGGTGGTACCC	42.27	96.590614	0.0	0	0	+	HXT15	1
chrIV	11980	12016	TTGCTTTAGATTTGACCTTCGAAGGGAATGACTCGGC	42.93	99.94796	0.0	0	0	+	HXT15	1
chrIV	12017	12048	AACCACAATATAAGCAACAGGGGCCCATGTCG	42.33	100.0	0.0	0	0	+	HXT15	1
chrIV	12066	12102	TAGAAGCATGTGAACACAATCATGGCATTACCTGCAC	42.12	100.0	0.0	0	0	+	HXT15	1
chrIV	12103	12133	CTTTCGAGGATGGACCATCCTGGCCATGAGG	43.33	99.502205	0.0	0	0	+	HXT15	1
chrIV	12147	12183	ACCCCGATACTTGCAAATATGACCATACAAGCCATCA	42.41	100.0	0.0	0	0	+	HXT15	1
chrIV	12184	12218	TTGAAGCCGCTCCGAATAACAGACATTTACGACGG	43.14	97.45772	0.0	0	0	+	HXT15	1
chrIV	12263	12299	ATTCACTGTACCTAGGACGATCGAAGTCTCAAACCCA	42.57	93.78096	0.0	0	0	+	HXT15	1
chrIV	12416	12452	TGTTTTGACGGAGAAAAGTTCTTTCCATGAGGCTTCC	42.01	100.0	0.0	0	0	+	HXT15	1
chrIV	12453	12482	CCTAGTTCTCTTTGGGCAAGGACACCGGCG	43.93	99.70300999999999	0.0	0	0	+	HXT15	1
chrIV	12483	12519	TTGATTTCATCAGCCTGTTTGAGTACCCATGGATCCT	42.24	100.0	0.0	0	0	+	HXT15	1
chrIV	12520	12553	CTGGTGAAACCTTGTTGATCTTGGCGATGGAGAC	42.27	98.35014	0.0	0	0	+	HXT15	1
chrIV	12589	12624	ATCTTGGGGACTCTGGAACTAATAACATGCCAACGA	42.07	99.87787	0.0	0	0	+	HXT15	1
chrIV	12625	12661	TGATAATTAGAGCCCACAGAAAGCATAGTCCCACAGG	42.05	99.61046	0.0	0	0	+	HXT15	1
chrIV	12747	12783	TGGTACAATGAGACAAGTCCACCTCTCAAATCTGTGG	42.17	93.62777	0.0	0	0	+	HXT15	1
chrIV	12790	12826	TTTCAGATAAAAGCATTGGACACAACACCGAACAGCC	42.46	100.0	0.0	0	0	+	HXT15	1
chrIV	12827	12859	ACCAGCACCAAGACCGTAGATGATCTTACCGAC	42.33	97.79655	0.0	0	0	+	HXT15	1
chrIV	12937	12973	TTGCTAGCCTTCTACCTAAAGTATCAGCAAGTCTCGC	42.01	100.0	0.0	0	0	+	HXT15	1
chrIV	12974	13006	AAAAGCAACACCGCCAATGGAACATCCTACACT	42.28	100.0	0.0	0	0	+	HXT15	1
chrIV	13007	13036	GAACATGGCCACGAGAAGACCCATACGCAC	42.64	99.48058	0.0	0	0	+	HXT15	1
chrIV	13103	13139	ATTGATGAAGCCTGCAGTAATACCACTATCCCAACCA	42.1	100.0	0.0	0	0	+	HXT15	1
chrIV	13198	13227	AAAAGCCTCTCTTCGGTGCGTCTGGCGTAT	43.35	100.0	0.0	0	0	+	HXT15	1
chrIV	13245	13281	TTGTCATAAAACCCGTCTGACCATTCTTTCTCTCCGG	42.46	100.0	0.0	0	0	+	HXT15	1
chrIV	13282	13313	GTGGCTGTACATGAACGTCAGCTGCACTACTG	42.3	100.0	0.0	0	0	+	HXT15	1
chrIV	13322	13357	ATCTGCATTAATTTCTGGTGAGGACTGTTCGCTTGC	42.16	100.0	0.0	0	0	+	HXT15	1
