chrI	1	30	CCACACCACACCCACACACCCACACACCAC	46.06	94.250084	333.506706	0	15	+
chrI	31	60	ACCACACACCACACCACACCCACACACACA	45.31	97.14119	84.40217	0	15	+
chrI	63	99	TCCTAACACTACCCTAACACAGCCCTAATCTAACCCT	42.01	96.10618	0.0	0	2	+
chrI	100	133	GGCCAACCTGTCTCTCAACTTACCCTCCATTACC	42.71	100.0	80.58176	0	2	+
chrI	134	163	CTGCCTCCACTCGTTACCCTGTCCCATTCA	42.92	100.0	0.0	0	2	+
chrI	164	193	ACCATACCACTCCGAACCACCATCCATCCC	42.92	98.70643	90.56874	0	0	+
chrI	194	227	TCTACTTACTACCACTCACCCACCGTTACCCTCC	42.57	97.840454	0.0	0	0	+
chrI	228	261	AATTACCCATATCCAACCCACTGCCACTTACCCT	42.27	100.0	0.0	0	0	+
chrI	262	296	ACCATTACCCTACCATCCACCATGACCTACTCACC	43.05	100.0	62.11146	0	2	+
chrI	346	382	TAACACACACGTGCTTACCCTACCACTTTATACCACC	42.12	100.0	40.150517	0	2	+
chrI	399	435	ACCCTCACTTGTATACTGATTTTACGTACGCACACGG	42.33	100.0	0.0	0	0	+
chrI	460	496	ACTTACCCTACTCTCAGATTCCACTTCACTCCATGGC	42.87	100.0	0.0	0	0	+
chrI	510	546	AATCAGTACCAAATGCACTCACATCATTATGCACGGC	42.29	100.0	92.77289	0	3	+
chrI	547	576	ACTTGCCTCAGCGGTCTATACCCTGTGCCA	44.26	99.59555	289.01937999999996	0	4	+
chrI	619	655	ATCTCATTCGGCGGTCCCAAATATTGTATAACTGCCC	42.71	99.61856	56.097786	0	4	+
chrI	950	986	ATTCACCGAGCAATAATACGGTAGTGGCTCAAACTCA	42.19	100.0	80.473015	0	2	+
chrI	1194	1230	TCAGCGGCGTATACTAAAACGGACGTTACGATATTGT	42.03	97.59801	93.04538	0	2	+
chrI	1371	1407	ATGAGAGTTTGGTACCATGACTTGTAACTCGCACTGC	42.7	98.33351	52.392696	0	2	+
chrI	1424	1460	GTTCTTAGAAGTGACGCATATTCTATACGGCCCGACG	42.38	100.0	87.504326	0	2	+
chrI	1501	1537	TTATTTAAGGACAAAGGTTGCGAAGCCGCACATTTCC	42.66	100.0	0.0	0	0	+
chrI	1774	1808	ATGGAAACCCGTTCGTAAAATTGGCGTTTGTCTCT	42.16	100.0	0.0	0	0	+
chrI	1812	1848	TTGCGATAGTGTAGATACCGTCCTTGGATAGAGCACT	42.34	100.0	100.0	0	2	+
chrI	1849	1881	GGAGATGGCTGGCTTTAATCTGCTGGAGTACCA	42.72	98.90403	98.90403	0	2	+
chrI	1882	1913	TGGAACACCGGTGATCATTCTGGTCACTTGGT	42.84	100.0	100.0	0	2	+
chrI	1914	1944	CTGGAGCAATACCGGTCAACATGGTGGTGAA	42.09	100.0	0.0	0	0	+
chrI	1945	1978	GTCACCGTAGTTGAAAACGGCTTCAGCAACTTCG	42.81	100.0	100.0	0	2	+
chrI	1979	2008	ACTGGGTAGGTTTCAGTTGGGTGGGCGGCT	46.38	100.0	100.0	0	2	+
chrI	2023	2059	TTGGGCTAAGTGAGCTCTGATATCAGAGACGTAGACA	42.14	99.313896	94.57343	0	2	+
chrI	2061	2097	CCAATTCCACCAAGTTGACTCTTTCGTCAGATTGAGC	42.14	99.94737	99.94737	0	2	+
chrI	2098	2128	TAGAGTGGTGGTTGCAGAAGCAGTAGCAGCG	43.34	99.643005	0.0	0	2	+
chrI	2129	2158	ATGGCAGCGACACCAGCGGCGATTGAAGTT	45.92	100.0	95.69848	0	0	+
chrI	2253	2289	AAGCAGCTCTATTTATACCCATTCCCTCATGGGTTGT	42.02	100.0	0.0	0	2	+
chrI	2290	2323	TGCTATTTAAACGATCGCTGACTGGCACCAGTTC	42.06	99.75996	0.0	0	0	+
chrI	2434	2470	ACTGTTTTATGGCGCTTATGTGTATTCGTATGCGCAG	42.17	100.0	0.0	0	2	+
chrI	2471	2502	AATGTGGGAATGCCAATTATAGGGGTGCCGAG	42.11	100.0	0.0	0	0	+
chrI	2575	2611	TTTGGACCCTCGTACAGAAGCTTATTGTCTAAGCCTG	42.17	100.0	0.0	0	0	+
chrI	2612	2642	AATTCAGTCTGCTTTAAACGGCTTCCGCGGA	42.34	100.0	0.0	0	0	+
chrI	2678	2713	AAACGTGTGTTGGGAGTCGTATACTGTTAGGGTCTG	42.12	100.0	0.0	0	0	+
chrI	2714	2747	TAAACTTGTGAACTCTCGGCAAATGCCTTGGTGC	42.73	100.0	0.0	0	0	+
chrI	2751	2787	TACGTAATTTTAGCCGCTGAGAAGCGGATGGTAATGA	42.19	100.0	0.0	0	0	+
chrI	2968	3004	TATTAAAGTTCCGCACAAAGAACGCTTGGAAATCGCA	42.25	100.0	0.0	0	0	+
chrI	3054	3089	AGCCGTTCATTTCCCTTCCGATTTCATTCCTAGACT	42.23	100.0	0.0	0	0	+
chrI	3348	3384	TTTAGAATCTCCCATGTCAACGGGTTTCCATACCTCC	42.17	100.0	0.0	0	0	+
chrI	3413	3449	ACTTCAAATGCCTCTTTTATGCAAGGGGCAAAATCCT	42.29	100.0	0.0	0	0	+
chrI	3589	3625	TAGGTTTGTTGAAACAACTTTCCGATCATTGGTGCCC	42.36	100.0	0.0	0	0	+
chrI	3756	3792	AGTAAACCCACTTGCTGGACATTATCCAGTAAAGGCT	42.18	100.0	0.0	0	0	+
chrI	3812	3847	ACCCAGGTACGAAACGCTAAGAACTTGAAAGACTCA	42.11	96.44926	0.0	0	0	+
chrI	4048	4084	CAAATGTGTCTATTTTGTGATGAGGCAACCGTCGACA	42.09	100.0	0.0	0	0	+
chrI	4251	4287	CTGTATTCAATGGTCTACGAATCGTCAATCGCTTGCG	42.06	97.842766	0.0	0	0	+
chrI	4291	4326	ATGGCACGAAGAACAATGCAATAGCTCTTACAAGCC	42.34	100.0	0.0	0	0	+
chrI	4798	4834	AATTTGTGAACCCGACCTTACCGAGAAATGATGAGCT	42.53	98.3386	0.0	0	0	+
chrI	4838	4873	TTTTATAGGTCGACCCTTCTGTCGCTTACTGGGTTG	42.22	100.0	0.0	0	0	+
chrI	4926	4960	AAAAGTGCATCAACATTCCCAGCCAGAAAATGCAC	42.02	100.0	0.0	0	0	+
chrI	5136	5172	AGCCATCTTAATTTCAATTTCATGCCCTCCTTCACCG	42.09	100.0	0.0	0	0	+
chrI	5686	5722	CTTACAAAGGGCAGACAACTTGAGAACTTTCATGCGT	42.1	100.0	0.0	0	0	+
chrI	5815	5850	CCCCGTTGTCCTTGTTTGCCTTACTGTATAAAGCAC	42.27	100.0	0.0	0	0	+
chrI	5925	5961	AGGCATCGCCGTATTTACTACTTTGTAAACCAGTGGA	42.18	100.0	0.0	0	0	+
chrI	6009	6044	ACTTCTGAGACGTGCAGATGTGATATTCGGGTTTGA	42.2	100.0	0.0	0	0	+
chrI	6045	6074	GCTTGTAGTCAACGAAGCGGGTTCATGGGC	43.17	100.0	0.0	0	0	+
chrI	6425	6461	TCTTAAATAACCCGGATTGGTTAGGTTCAGCCATGCC	42.84	100.0	0.0	0	0	+
chrI	6462	6492	TGGCGCGTACATTGAGGCATTAGAAGATCCG	42.06	99.557655	0.0	0	0	+
chrI	6544	6580	TTCCATCAGCTCAATACCGCAGTACTTTGAAACCTGA	42.33	100.0	0.0	0	0	+
chrI	7256	7292	TAAGGTTTCAACGTCTTTTGACGTTGGCTTTTCCACA	42.16	99.55863	0.0	0	0	+
chrI	7310	7346	AAGCACAATACCGTTCTTCTTGGCATTGTTCCTTTCA	42.05	100.0	0.0	0	0	+
chrI	7406	7442	TGCAGTGAAAGTAAACCCCTTTAAATACCTGGGAGCT	42.32	100.0	0.0	0	0	+
chrI	7458	7494	ACCAAAACACTTATCCATGCGGTAGATGATTGAGCCA	42.62	100.0	0.0	0	0	+
chrI	7520	7554	AGCTCTAGTTTGAGCATCTCGGCGACAAATATCGT	42.31	100.0	0.0	0	0	+
chrI	7555	7591	TTTGCCAAGAGTATAAAACAGGAGCCATAGCCCAACC	42.97	98.68058	0.0	0	0	+
chrI	7594	7630	AACATTGCAGCATAAATGCAAACCATTTGGCTCCTTC	42.1	100.0	0.0	0	0	+
chrI	7631	7660	TGCGACGTCCCAAGCGGCTAATATGGAGTT	43.25	99.295235	0.0	0	0	+
chrI	8024	8060	AATAGAATAACAGTTGTATGGGTCACCTGGCAGGGAG	42.06	100.0	0.0	0	0	+
chrI	8063	8099	AAATCCAATAAGGCCCACTACGACAGACACAATAGCG	42.67	100.0	0.0	0	0	+
chrI	8145	8181	TTTAACGATGAATATACGGCTGACTGGATCCCACCAG	42.13	99.0162	0.0	0	0	+
chrI	8225	8261	ACGACGCACCATTTCATCATGTTTGTAAAAGGAACCA	42.16	98.57496	0.0	0	0	+
chrI	8268	8304	TATTGGTATGCCAAATAACTTGGCGCTTCAAAAGCCC	42.67	100.0	0.0	0	0	+
chrI	8327	8363	CAAGTGTGGTACAGAATTGACATATGCAGCACCAACG	42.43	98.942406	0.0	0	0	+
chrI	8370	8406	AGCGACCAACATAAGTCGAGGCTTGGTAAAACATAGT	42.31	100.0	0.0	0	0	+
chrI	8505	8541	AAGCCTAAATCTTCCTTCATTCCCGAAACGTAAGCGT	42.64	100.0	0.0	0	0	+
chrI	8722	8755	AAAATCTCCACCATGGCCTATCGGCTTCATCTCT	42.37	99.9833	0.0	0	0	+
chrI	8904	8940	TCTGTTGAATTTAAGTCATCTGGCAGGTCTTCCACCT	42.1	100.0	0.0	0	0	+
chrI	9154	9190	ATATCCTCATCTAAACGCATGTCTCCGCTTGGTTTCT	42.13	100.0	0.0	0	0	+
chrI	9191	9227	TATCTATTTGTGGAGGCACCCGTAGTACTGTGCTTTC	42.04	100.0	0.0	0	0	+
chrI	9314	9350	ATTACATTGGACCATCGGAAAACTGCGCTAACTTTGG	42.24	100.0	0.0	0	0	+
chrI	9353	9389	AACGCCACAGAACGTGATCTGACTATTGTAAAGGTGT	42.36	99.04303	0.0	0	0	+
chrI	9390	9423	CATTCGGTAAGGTAAACCTTCAAGGCGTCCACAC	42.21	99.246124	0.0	0	0	+
chrI	9684	9720	TTAGTTATGCATTGTGAGTTGGTTGCTCTACTCGCGG	42.84	100.0	0.0	0	0	+
chrI	9977	10012	ACTTTGCATCTTGGCTGCAAAGAAGAATGAATCGGA	42.19	95.999344	0.0	0	0	+
chrI	10457	10493	AGAGCTCTTGATTGTCGGAATAGTTCGGGAATTCTGG	42.23	100.0	0.0	0	0	+
chrI	10798	10834	TAAGCTCCTCCCATGGTCTAAGAGTTTCTCCAAACGC	43.41	100.0	0.0	0	0	+
chrI	10908	10943	ATTCCATGTAGAAATGACCTGCAAGTACGAGCTGGT	42.33	100.0	0.0	0	0	+
chrI	11545	11581	TATAAGATGATGCCGTGCGTTTACCATACGATTGCCA	42.55	100.0	0.0	0	0	+
chrI	11609	11644	TGCCATTATTGGTCAACAGACCATTGGCAATACCAA	42.01	100.0	0.0	0	0	+
chrI	11676	11712	AGATCCTATTATGCTACTTGCTGGTGTGCTACGAGGC	43.32	100.0	0.0	0	0	+
chrI	11727	11763	ACTTAACCCGGAAGTTATTAGACTCTTGGTGTTGCCA	42.04	100.0	0.0	0	0	+
chrI	11767	11803	TCGGATACAGAAACAACACTACTGCTGTGACCAATCA	42.08	98.92812	0.0	0	0	+
chrI	11804	11833	CATCGGTCGCGGAAGCCGTCTGTGTTTCAG	44.38	99.555664	0.0	0	0	+
chrI	11850	11886	AATTGAAGAGGTGACTACTGTTTTCGTCTCAGCAGCT	42.23	100.0	0.0	0	0	+
chrI	11887	11918	CCAGTACTGGTAGTTGTCTCAGCAGCTCCAGT	42.23	100.0	0.0	0	0	+
chrI	11953	11989	TTAGAGCTGACAGACTCTTCATTCGTAGTCTGTGGCC	42.96	100.0	0.0	0	0	+
chrI	11997	12033	TGGATAGACCGTAACAACATCATTCACAGTAGCCGTG	42.27	99.7612	0.0	0	0	+
chrI	12034	12063	GCCGTCGAAACAATGGCAGGTGAAGCAGTT	43.33	100.0	0.0	0	0	+
chrI	12064	12096	TCGGAACACACACCAGATTCGCAGGAAGTAACA	42.72	95.193756	0.0	0	0	+
chrI	12097	12133	GTAACTAGCGTAGTTTGTTGCCTCGATTCTGTGGTGG	42.93	100.0	0.0	0	0	+
chrI	12134	12170	AAATAGGACACCATGTCGTGTATTCTGTGGTAACGCC	42.61	99.924324	0.0	0	0	+
chrI	12180	12215	AGCAGTGCTTATAGATACAATGGCTGGAGAAGCAGT	42.1	100.0	0.0	0	0	+
chrI	12247	12283	ATTGTAACTACTGTGGTTTGCTCTGTTGTCCCCTTGG	42.8	100.0	0.0	0	0	+
chrI	12326	12362	TAGAAATAGGGCACCATGTGGTATACTCTGTTGTGGC	42.16	98.45304	0.0	0	0	+
chrI	12363	12392	ACCGCTAACAGTAACGGTGGCCGTGGAAAC	43.98	99.73819	0.0	0	0	+
chrI	12393	12428	AATTGCAGAGGAGATGGATTCAGTGCACACATGAGA	42.53	99.60837	0.0	0	0	+
chrI	12429	12460	TTCGCAGGATGTCACGGTAACCAAAGTGGTTT	42.05	100.0	0.0	0	0	+
chrI	12474	12510	TGTAGTGGTAGCAGGTGGTAATGAAGAAGCAGTTTCC	42.33	100.0	0.0	0	3	+
chrI	12542	12578	ATGATGAAGTAATTTCCTGACTTGCTGTCGCACTGGT	42.65	100.0	47.43182	0	5	+
chrI	12696	12731	AATTTCCTGACTTGTTGTTGCACTGGTAACAGGTGG	42.25	100.0	260.00517	0	4	+
chrI	12765	12801	ACTGGTAACAGGTGGTAATGATGAAGCAGTTTCCTGG	42.56	100.0	172.18731000000002	0	5	+
chrI	12896	12932	TAGCTGAACTAGTTTCGCTCTCAGAAGAACCAGAGGT	42.52	100.0	0.0	0	0	+
chrI	13200	13236	TTCTGAAGAAGATGATGACAAACTGGATGAGGTGGCA	42.24	100.0	0.0	0	0	+
chrI	13251	13284	AGCAACAATAACGGTTTCGTCAGTTGGTTGACCA	42.15	100.0	0.0	0	0	+
chrI	13287	13322	AGTGCCAGTGACAGTAGTCATCTCAGTAGAAGTCGA	42.24	100.0	0.0	0	0	+
chrI	13332	13368	TGCGATGGTGCTAGTAGTATGTTTTGAAGGATCAGGG	42.26	100.0	0.0	0	0	+
chrI	13378	13414	TTGGGCTGTTAGGTCATCGTCAAAAGAGTAAACGTGC	43.09	99.97471	0.0	0	0	+
chrI	13424	13460	TCATCGCTAACAGTAGTAACATCAGGCAATTCCACGC	42.74	100.0	0.0	0	0	+
chrI	13461	13494	TAACTGGCAGTGTATGCCAAGAAACAGCGTTTGA	42.05	100.0	0.0	0	0	+
chrI	13525	13561	AGCATACATATACACAGTCCCTGCAATGTTATCGGGC	42.52	100.0	0.0	0	0	+
chrI	13597	13633	AAAGTTTGTGGATGTAATTGGAGGTTGCTCTTGTGCA	42.08	100.0	0.0	0	0	+
chrI	13634	13663	CAGCATCCGAATGCAACGTCGCCACCGACT	45.91	100.0	0.0	0	0	+
chrI	13667	13703	AGAATTGCAGAGTCATCGACCTTAGCAAACCTGAACG	42.84	98.171524	0.0	0	0	+
chrI	13818	13854	TTGAACATTCACTATGACCTCTGCATCCCCAGTTTCC	42.6	98.98517	0.0	0	0	+
chrI	13905	13941	AAAGATCGTAGTCAATTGAGAAATCCGTCTGTCCGCC	42.57	100.0	0.0	0	0	+
chrI	13943	13979	ACGGAACCTAATTCCAATTCGAGGCATATCCAGAAGT	42.03	100.0	0.0	0	0	+
chrI	14047	14076	TTTTCCTCGGGTCCGTTGGCAAGCATGCTT	44.4	100.0	0.0	0	0	+
chrI	14077	14109	GTGTACTTCCTGAAACAACATTGGACGTGGCCA	42.29	100.0	0.0	0	0	+
chrI	14139	14175	TGATGAGGCATTTCTTGGTTCGTCAATCAGGTATGGG	42.77	100.0	0.0	0	0	+
chrI	14266	14302	TTTCGATCAGATGTATGCGCAACGATTTGTTTAGCGT	42.08	100.0	0.0	0	0	+
chrI	14361	14397	TTTTGTCGCTGATATCTGCACATGTGAGTAACGCAGA	42.66	100.0	0.0	0	0	+
chrI	14398	14434	TTCCATTGCATTATTACCTTCCCCTTCCCAGAAACGA	42.38	100.0	0.0	0	0	+
chrI	14470	14505	AAAAGGTTACAACCGCATTTTGCGTTTAGGTGCAGC	43.43	100.0	0.0	0	0	+
chrI	14506	14540	GAGACTTACCTTGATGCAGTCCTAAAGGGTCCTGC	42.56	100.0	0.0	0	0	+
chrI	14551	14587	ACGAATCCTATTTGCTTTTGTGCATTCCTAAACGGGC	42.57	100.0	0.0	0	0	+
chrI	14599	14635	TCTTGAGGAACTCCAGGAGAAGATACGATAAGCTCCG	42.46	100.0	0.0	0	0	+
chrI	14728	14764	TGACGTCGTCTGTTGTACTACTTCTTTATCGGTGTGC	42.19	100.0	0.0	0	0	+
chrI	14818	14851	AAAATCTCGTGAGACCTCCGGAATTTTGACGCTG	42.03	98.82988	0.0	0	0	+
chrII	1	32	AAATAGCCCTCATGTACGTCTCCTCCAAGCCC	42.63	100.0	0.0	0	0	+
chrII	33	69	TGTTGTCTCTTACCCGGATGTTCAACCAAAAGCTACT	42.3	100.0	0.0	0	0	+
chrII	109	144	TTTTATCCCACTTCTTCGCACTTGTCTCTCGCTACT	42.01	100.0	0.0	0	0	+
chrII	267	303	ACAACAATTTCCTTCACTCTCCAACTTCTCTGCTCGA	42.24	100.0	0.0	0	0	+
chrII	325	361	ATCAAATCTACCGTCTGGAACATCATCGCTATCCAGC	42.29	100.0	0.0	0	0	+
chrII	362	396	TCTTTGTGAACCGCTACCATCAGCATGTACAGTGG	42.94	100.0	0.0	0	0	+
chrII	397	430	TACCCTCGTGTTATCTGCAGCGAGAACTTCAACG	42.72	97.581436	0.0	0	0	+
chrII	431	467	TTTGCCAAATCAAGCCAATGTGGTAACAACCACATCT	42.46	100.0	0.0	0	0	+
chrII	468	504	CCGAAATCTGCTCCAAAAGATATTCCAGTTTCTGCCG	42.24	99.65125	0.0	0	0	+
chrII	513	549	TATTGTAGAACAGCCCTATCAGCATCGACAGGAATGC	42.29	100.0	0.0	0	0	+
chrII	550	580	CGTCCAATGCGGCACTTTAGATGGGGTAACT	42.11	100.0	0.0	0	0	+
chrII	581	610	CCCAGCGCAAGCTGATCTCGCAAGTGCATT	44.85	98.585045	0.0	0	0	+
chrII	620	656	AATTCATATCTGCTCCTCAACTGTCGATGATGCCTGC	42.76	100.0	0.0	0	0	+
chrII	657	686	TAAACTGCAGCTTGACGTACTGCGGACCCT	43.12	98.864006	0.0	0	0	+
chrII	687	716	GCAGTCCAGCGCTCGTCATGGAACGCAAAC	45.13	100.0	0.0	0	0	+
chrII	722	756	AAAACTCCAACTTTCTCGAGCGCTTCCACAAAGAC	42.34	96.02142	0.0	0	0	+
chrII	757	787	CGTATCGTCTTTTGCCTCCCATTCTTCCCGG	42.25	99.752495	0.0	0	0	+
chrII	810	844	AAAAGTACTGCAGCACCTCTGTCTTCGATTCACGC	43.28	100.0	0.0	0	0	+
chrII	863	899	TAATACAACTCTTTGATCTGCCTTCCAGACATGCGGA	42.08	100.0	0.0	0	0	+
chrII	900	929	AAACTTGGCTCCCTTGCTTGCCTCTTGTCG	42.88	100.0	0.0	0	0	+
chrII	1033	1069	TTTCAAATATCCTACAGGGTCCCCATGATATGGCTCG	42.01	99.3918	0.0	0	0	+
chrII	1089	1125	TGTATTCCTCATCATTTCGCAGCATTCTCTCCACAGC	42.85	98.72283	0.0	0	0	+
chrII	1127	1163	AGTGCTTCCCAAGCTATCCTCCGATACGATACTTTCT	42.57	100.0	0.0	0	0	+
chrII	1164	1194	GGCCAGCCCAACAGACACAGAGCCCGAACAT	46.91	100.0	0.0	0	0	+
chrII	1201	1237	ACAGCCCTTGCATAATCCGTATTGTGTGAATACTCCC	42.64	100.0	0.0	0	0	+
chrII	1361	1397	TTTCTCTCTAGGAAAACCATTTGACTCCCTTTCCGCT	42.08	100.0	0.0	0	0	+
chrII	1418	1454	TCGGTGACTGGATGGAATCTATTATCCTCAGCATTGC	42.21	100.0	0.0	0	0	+
chrII	1455	1486	CATCTTTATTGGCGTCCTCCTTGGCACTAGCG	42.34	100.0	0.0	0	0	+
chrII	1487	1521	TTGGTACTTTCAGTGGTAGTGGCATTAGTGCTGGA	42.21	99.93585	163.064882	0	8	+
chrII	1522	1553	GTTGGTGCTAGCAGTGGTAGTGGCATTAGTGC	42.48	98.731026	0.0	0	2	+
chrII	1554	1584	TGGAGTTGGTGCTAGCAGTGGTAGTAGCACT	42.19	100.0	85.40178	0	2	+
chrII	1585	1617	AGTGTTGGAGTCGGTACTTTCGGTGGTAGTAGC	42.21	100.0	100.0	0	2	+
chrII	1618	1653	ACTAGTGTTGGAGTTGGTACTTTCAGTGGTAGTCGC	42.1	100.0	521.540096	0	8	+
chrII	1654	1689	ACTAGTCCTGACGTTGATGCTAGCAGTGGTAGTAGC	42.93	100.0	573.030795	0	7	+
chrII	1690	1726	ATTAGTGTTGGAGTCGGTACTTTCGGTGGTAGTAGCA	42.68	100.0	100.0	0	2	+
chrII	1781	1817	CTTTCAGTGGTAGTAGCACTAGTCCTGACGTTGATGC	42.34	98.39358	804.25212	0	10	+
chrII	1818	1849	TGGCAGTGGTAGTAGCACTAGTCCTGACGTTG	42.32	100.0	329.4261939999999	0	10	+
chrII	1850	1880	GTGCTGGCAGTGGTAGTAGCACTAGTCCTGA	42.33	98.43327	145.883445	0	8	+
chrII	1881	1912	CGTTGGTGCTGGCAGTGGTAGTAGCATTAGTG	42.24	99.95294	617.941295	0	9	+
chrII	1913	1948	CTGGAGTTGGTAGTCGCATTGGTAGTAGCACTAGTC	42.02	100.0	53.77720600000001	0	3	+
chrII	1949	1978	CTGACGTTGGTGCTGGCAGTGGTAGTAGCA	43.47	99.25571	666.3374699999998	0	8	+
chrII	1979	2012	TTAGTGCTGGAGTTGGTAGTCGCATTGGTACTGG	42.57	100.0	191.42346	0	6	+
chrII	2015	2051	TTAGTGTTGGAGTTGGTACTTTCAGTGGTAGTCGCAC	42.3	100.0	545.217624	0	8	+
chrII	2052	2082	TAGTCCTGACGTTGATGCTGGCAGTGGTAGT	42.34	100.0	863.2479	0	7	+
chrII	2083	2119	AGCATTAGTGCTGGAGTTGGTACTTTCAGTGGTAGTC	42.15	100.0	547.7713709999998	0	8	+
chrII	2120	2149	GCACTAGTCCTGACGTTGATGCTGGCAGTG	42.57	96.36276	837.7940199999998	0	10	+
chrII	2155	2191	AGCATTAGTGCTGGAGTTGGTACTTTCAGTGGTAGTC	42.15	100.0	547.7713709999998	0	8	+
chrII	2192	2221	GCACTAGTCCTGACGTTGATGCTGGCAGTG	42.57	96.36276	837.7940199999998	0	10	+
chrII	2267	2303	TTAGTGTTGGAGTTGGTACTTTCAGTGGTAGTCGCAC	42.3	100.0	545.217624	0	8	+
chrII	2304	2334	TAGTCCTGACGTTGATGCTGGCAGTGGTAGT	42.34	100.0	863.2479	0	7	+
chrII	2335	2364	CGCACTAGTCCTGACGTTGATGCTGGCAGT	43.63	98.61599	583.16017	0	10	+
chrII	2365	2398	GGTAGTAGCATTAGTGCTGGAGTTGGTAGTCGCA	42.23	97.743484	373.75865899999997	0	8	+
chrII	2399	2432	TTGGTACTGGCATTAGCACTACCATGAATGCACG	42.02	100.0	0.0	0	0	+
chrII	2433	2466	TGTCGCTGTCCTCATCACTGCTGCAATACTTTCT	42.72	100.0	0.0	0	0	+
chrII	2467	2497	GCACCTGTCACTGCTATTGCTCTCCTGGAAG	42.06	100.0	0.0	0	0	+
chrII	2498	2529	CTAGACGGTAACGCAACGATCGACATGGAAGC	42.1	100.0	0.0	0	0	+
chrII	2530	2565	TGTCGCCTGATTTTCAGCCAATCTGTCCATTCTTTC	42.17	100.0	0.0	0	0	+
chrII	2566	2599	TATCAGTTCCACTGTGTCAGCAGACAGGTCTGTC	42.15	95.25233	0.0	0	0	+
chrII	2600	2629	CTGGAGCCACAGCATCCAACATGCTGGCCC	46.37	97.98125	0.0	0	0	+
chrII	2643	2679	TTTGATTCAAGTCCATAGAACTCGCGTACCTGTTCGG	42.5	99.88093	0.0	0	0	+
chrII	2683	2719	TACAGCCTTCCTTAATCGGTGGTAATTCACCCTTACG	42.07	100.0	0.0	0	0	+
chrII	2767	2800	CCCCATCTCTTAGTCTCCCTACGCCTTGAATGAG	42.07	97.166664	0.0	0	0	+
chrII	2870	2906	CACTAATTTCGTTCCGATGAGAACTTGCATGCTACCG	42.1	100.0	0.0	0	0	+
chrII	2907	2942	TCAGTGACAAACTCCTTTGTGCGAGACACCTTTTCT	42.71	96.24299	0.0	0	0	+
chrII	2943	2972	GCAGCACCCAAGCTTCCCGTGTATCCATAC	42.61	99.49241	0.0	0	0	+
chrII	2982	3018	ATACTTTCTCCAAGAGCAGGCCAATTCTTCCACTTCG	42.7	100.0	0.0	0	0	+
chrII	3019	3050	TTGGTTGTGCTTGCAACTACAATGGCCTTCGA	42.62	100.0	0.0	0	0	+
chrII	3064	3100	TCAAAGAGGGCTAAAAGAAGCTTCAGTGCTTCTTCGG	42.89	100.0	0.0	0	0	+
chrII	3118	3154	TTCCAAATTTTATGAACATGCCCTAAAGGCACCTCGG	42.21	100.0	0.0	0	0	+
chrII	3172	3208	TTAAACATCCGTGTTGGATAGCTGGATAGACCTCTGC	42.11	100.0	0.0	0	0	+
chrII	3209	3241	TGAGATCTTCCGACCGTTTGAGCTCGTTGATGT	42.56	97.63467	0.0	0	0	+
chrII	3242	3271	CCATCGACTTCTTGGCCAGTCCCGTAAGCC	43.8	100.0	0.0	0	0	+
chrII	3272	3301	CAATACGCTGCAACGCAGCATCAGCAACAG	42.57	98.828964	0.0	0	0	+
chrII	3368	3397	CCCCAAATTGCGACTGCCGGTAGACCTCCG	45.58	98.28581	0.0	0	0	+
chrII	3428	3464	GGTAACCCAATTTTACGTTGTTGGTCCTAAAGGTGCA	42.05	100.0	0.0	0	0	+
chrII	3465	3500	CTCAACAATATTCTCCCACGCAGCTATCCTGTCTGT	42.32	100.0	0.0	0	0	+
chrII	3523	3559	TCGTAGATCCCCACGTATAAATCAGTAACGCCATCGC	43.34	99.32217	0.0	0	0	+
chrII	3570	3606	AATAAAGTTTCTTACAGGGGCCACATTCAAGCAACCG	42.28	100.0	0.0	0	0	+
chrII	3607	3636	CGTCGGCCCAACCTGATCATGCAATTAGCA	42.78	99.11638	0.0	0	0	+
chrII	3637	3671	AGCAACACTGTGTACGGTACAAACAGAAACGACAC	42.04	99.83406	0.0	0	0	+
chrII	3672	3706	ATATTTCACGTCGCCCTTAGATGCCAGTGCTATCA	42.3	99.45177	0.0	0	0	+
chrII	3707	3742	AGGGGAGATGAAATAACTCCGTCTTACCATAGCCCG	43.04	98.38602	0.0	0	0	+
chrII	3743	3772	GTGGGGCCTGTACTGCCACAGAGGGTGTGT	46.46	99.02175	0.0	0	0	+
chrII	3784	3818	ATTTCATGACATAAGCGCAACTGATGCAAGTCCCT	42.01	100.0	0.0	0	0	+
chrII	3819	3851	GAATTCAAAGGAGCTGCCAAAGAGTTTCCGGCC	43.11	98.13045	0.0	0	0	+
chrII	3852	3883	TGCGACGAGGATATCGTTTGTACTCTTGGGCT	42.4	100.0	0.0	0	0	+
chrII	3916	3947	TTTTGATCATGATCTGAACTCGCCGCCTCACC	42.15	100.0	0.0	0	0	+
chrII	3948	3977	TGCCACTACGTCTTCCGCATTCCGAGTACT	42.55	100.0	0.0	0	0	+
chrII	3980	4016	AGAATGAACAATGGTAGTCGCTTTCAAGGCCTAACCA	42.54	100.0	0.0	0	0	+
chrII	4017	4046	TTGAATCCAGCGCTCGGAAGTGAGTCCGTC	43.42	100.0	0.0	0	0	+
chrII	4047	4077	AAGCGTCTTTAGTCGAGGCTCCGATGAACCG	43.1	100.0	0.0	0	0	+
chrII	4078	4112	TTCTTGTTGTATCGTCGACGTATACGTTGCGCTGT	42.65	97.80863	0.0	0	0	+
chrII	4113	4146	AGCTCTGGATAACGGTAAGCGTATCACCGTAAGC	42.38	100.0	0.0	0	0	+
chrII	4179	4215	TGTTAGTATCTCTTCTCAACTTGGGCAGCACACATGC	42.77	100.0	0.0	0	0	+
chrII	4274	4310	ACTTTATCTCAGTGGGTTTACGTGGGCATAGATCACG	42.19	100.0	0.0	0	0	+
chrII	4311	4342	CTTCAGCCGCTCTGTGTCGACTTTCTTTTCGC	42.87	100.0	0.0	0	0	+
chrII	4439	4475	TGGTGCTTTTCTGAAGACTCCTTACAATAGGTGTGCC	42.64	100.0	0.0	0	0	+
chrII	4479	4515	AACAAAGTCAGTGAAAGTACGCATCGTAGAGCTGTCG	42.65	100.0	0.0	0	0	+
chrII	4516	4545	TTCGGCCTGGCACTCGCTATTTCGTAACAA	42.05	99.94672	0.0	0	0	+
chrII	4679	4715	TCTTGGGAATAAGATACTTTGAAGGGATTGGTCCGCC	42.37	99.413414	0.0	0	0	+
chrII	4716	4752	CTGGAAATCTGGTTCGTCTTCAACAAACGTCAGGAAC	42.16	100.0	0.0	0	0	+
chrII	4847	4883	TTAGACCAGACTTTTCGTCTTCGTAGAATGACCGCAC	42.26	99.83875	0.0	0	0	+
chrII	5142	5178	ACTCTATTGAGAAGAAGCAGAATCTGCGCTATGCAGG	42.38	98.81403	0.0	0	0	+
chrII	5223	5259	TCTCACTAAGATAAGCGACTGTCTGTCCCCTTCAAGC	43.01	100.0	0.0	0	0	+
chrII	5271	5307	AACAGAAGGATGTCTCATTCATCGCTTGATTTCCGGC	43.14	100.0	0.0	0	0	+
chrII	5323	5359	AGTCGGTACGTACTTTCGTTTTCAATTTCCATGGTGC	42.06	100.0	0.0	0	0	+
chrII	5373	5409	TATCTGCTTAGTCGAGGAGAACCAGGATTCTGTTCGT	42.43	100.0	0.0	0	0	+
chrII	5410	5440	TGCTCAGCCGCTTCGTGGATATTCTCTTGGA	42.77	100.0	0.0	0	0	+
chrII	5442	5478	ACTTTAAACATGGACCTACGTTCCGCTCTCGAAAAGA	42.19	100.0	0.0	0	0	+
chrII	5509	5545	TCCTTATTAGGTATACGACCTCGCGCTTCGAAGTAGA	42.07	100.0	0.0	0	0	+
chrII	5554	5584	TTTTGGCGTACCTACATATGGCGCGTCAGAC	42.14	99.930664	0.0	0	0	+
chrII	5605	5641	TGTATTACCCCGCCGAATAAGAAAACAGACCCATTCA	42.28	100.0	0.0	0	0	+
chrII	5642	5676	CCCACGACGTATCAAGTTACTTCCTTGGTGCAATG	42.13	99.225136	0.0	0	0	+
chrII	5692	5728	ATTCCTTGACGCTAGATCGTTGGACTAAAATCTGCGT	42.29	100.0	0.0	0	0	+
chrII	5768	5804	AAGGTTACTTCCTAGATGCTATATGTCCCTACGGCCT	42.08	100.0	0.0	0	2	+
chrII	5848	5884	ACCCTAACACTACCCTAACCCTACCCTATTTCAACCC	42.54	100.0	0.0	0	2	+
chrII	5885	5921	TTCCAACCTGTCTCTCAACTTACCCTCACATTACCCT	42.69	99.813515	90.507515	0	2	+
chrII	5922	5954	ACCTCTCCACTTGTTACCCTGTCCCATTCAACC	42.64	100.0	65.057	0	2	+
chrII	5955	5984	ATACCACTCCCAACCACCATCCATCCCTCT	42.09	100.0	170.2818	0	3	+
chrII	5985	6019	ACTTACTACCACCAATCAACCGTCCACCATAACCG	42.5	99.65077	0.0	0	0	+
chrII	6033	6067	AGCCATATTCAACTTCACTACCACTTACCCTGCCA	42.17	100.0	0.0	0	0	+
chrII	6070	6105	ACTCTACCATCCACCATCTGCTACTCACCATACTGT	42.36	100.0	0.0	0	0	+
chrII	6162	6198	TTACCCTACCACTTTATACCACCACACATCACATGCC	42.3	97.27448	32.78089	0	2	+
chrII	6205	6241	ACCTTCACTTGTATACTGATATGCCATACGCACACGG	42.35	100.0	0.0	0	0	+
chrII	6269	6305	TTACCCTACTCTCACATTCTACTCCACTCCATGACCC	42.25	100.0	0.0	0	0	+
chrII	6317	6353	AATCAGTACTAAATGCACCCACATCATTATGCACGGC	42.04	100.0	0.0	0	2	+
chrII	6354	6383	ACTTGCCTCAGCGGTCTATACCCTGAGCCA	43.91	100.0	282.19275	0	4	+
chrII	6425	6461	TATCTCATTCGGCGGGCCCAAATATTGTATAACTGCT	42.27	100.0	194.44846	0	4	+
chrII	6728	6763	ATGCCACCTCACTGTCGTAACACTCTATATTCACCG	42.07	100.0	0.0	0	2	+
chrII	6764	6798	AGAAACAATACGGTAGTGGCTCAAACTCATGCCGG	43.13	100.0	38.141323	0	2	+
chrII	7000	7036	TCAGCGCCGTATACTAAAACGGACGTTACGATATTGT	42.03	99.83527	91.185326	0	2	+
chrII	7184	7220	TGGTACCATGACTTGTAACTCCACTACCCTGATCTGC	42.97	100.0	80.45374	0	2	+
chrII	7227	7263	GTTCTTAGAAGTGACGCATACTCTATATGGCCCGACG	42.12	100.0	87.444305	0	2	+
chrII	7302	7337	TTTTATGGAAGGACAAAGTGCTGCGAAGTCATACGC	42.2	100.0	0.0	0	0	+
chrII	7585	7621	ATTCGTAAAGGCATCACTCCCTAGTTTGCGATAGTGT	42.06	100.0	0.0	0	0	+
chrII	7622	7655	AGATACCGTCCTTGGATAGAGCACTGGAGATGGC	43.24	97.66043	97.66043	0	2	+
chrII	7656	7689	TGGCTTTAATCTGCTGGAGTACCATGGAACACCG	43.0	99.68689	99.68689	0	2	+
chrII	7690	7724	GTGATCATTCTGGTCACTTGGTCTGGGGCAATACC	43.13	100.0	93.64412	0	2	+
chrII	7725	7761	AGTCAACATGGTGGTGAAGTCACCGTAGTTGAAAACG	43.03	97.89173	96.428474	0	2	+
chrII	7762	7795	GCTTCAGCAACTTCGACTGGGTAGGTTTCAGTTG	42.32	100.0	100.0	0	2	+
chrII	7796	7825	GGTGGGCGGCTTGGAACATGTAGTATTGGG	42.68	98.805664	98.805664	0	2	+
chrII	7826	7861	CCAAGTGAGCTCTGATATCAGAGACGTAGACACCCA	42.67	100.0	94.342354	0	2	+
chrII	7865	7901	CCACCAAGTTGACTCTTTCGTCAGATTGAGCTAGAGT	42.07	99.63044	99.63044	0	2	+
chrII	7902	7931	GGTGGTTGCAGAAAGCAGTAGCAGCGATGG	43.21	99.16495	0.0	0	2	+
chrII	7932	7966	CAGCGACACCAGCAGCGATTGAAGTTAATTTGACC	42.88	97.31239	96.30027	0	2	+
chrII	8023	8059	GAAAGCGCATACCTCAAAGGCATATAGTTGAAGCAGC	42.41	100.0	19.157120000000006	0	2	+
chrII	8099	8135	AACGATTCGTTAACAGACGCTCATTTAGCACCTCACA	42.61	96.95104	0.0	0	0	+
chrII	8244	8280	TATGGCACTCATGTGTATTCGTATGCGCAGAATGTGG	42.97	100.0	86.40281	0	2	+
chrII	8317	8347	AAAACCCTTTTGCGCGCCTGTTAAGTTTCCG	42.32	100.0	0.0	0	0	+
chrII	8377	8413	AGATTTGGACCCTCGTTCAGAAGCTTACTGTCTAAGC	42.15	100.0	0.0	0	0	+
chrII	8415	8451	ATCATTTGGTGTGTCCTAAACGGTTTCCATGCAAAGC	42.7	100.0	0.0	0	0	+
chrII	8625	8661	TGTGTTTATGAAATGTGTCAAGGCCCGTCTATAGCGT	42.48	100.0	0.0	0	0	+
chrII	8693	8725	TTTTACGCTCAAAAGGCAACGAGGGCACATACT	42.17	100.0	0.0	0	0	+
chrII	9408	9444	AATCCACATTCTCTACACCAATACCATCGACGAGAGC	42.05	97.65851	0.0	0	0	+
chrII	9552	9588	ACTGGTTACCGGAAAGGTTTAGAAAATTCGTGGAGGG	42.66	100.0	0.0	0	0	+
chrII	9589	9618	TTGGCCGAGTGGTCTAAGGCGGCAGACTTA	44.32	100.0	0.0	0	0	+
chrII	9619	9648	AGATCTGTTGGACGGTTGTCCGCGCGAGTT	45.01	100.0	0.0	0	0	+
chrII	9777	9813	TTTTCTTCATGGCGTCCTTTGCATCCAGCAATAATGG	42.65	100.0	0.0	0	0	+
chrII	9930	9966	AATCTTTCAGCGGACTAGAAGAATAGGGCGTTCAACT	42.04	100.0	0.0	0	0	+
chrII	10008	10044	TATTTTGCTCGCAGTTTTGCCTTAAAATGCCCTCTGT	42.43	100.0	0.0	0	0	+
chrII	10070	10106	TTTCTATTATTTGCCACCCACTCTGTCACCTTCGTCC	42.51	100.0	0.0	0	0	+
chrII	10114	10150	ATATTGAGCTTCCTGTTTCTCCGCTCTTTCTCTTGCA	42.37	100.0	0.0	0	0	+
chrII	10155	10191	AAGGATCAATTCTTGCGTCTATAAGTGGTTCCGCAGT	42.37	100.0	0.0	0	0	+
chrII	10201	10235	ATTATTACCGCACTGCTGATCGGTCTCGTTCTTCA	42.29	100.0	0.0	0	0	+
chrII	10422	10458	TCAAGCTTGGATCAACACATCTTTCTCGCGTAACTGT	42.66	100.0	0.0	0	0	+
chrII	10496	10532	AGATTTGTTTCAAGTAAGCTTTGGGGTGCCGTAAACG	42.44	100.0	0.0	0	0	+
chrII	10633	10669	TAACTTGGCGGACAAAATTACCGTCACGTTCAAAAGT	42.03	100.0	0.0	0	0	+
chrII	10750	10786	AATCGCTTCAAGCCTCCTATCTTAGAGTCTAGAGCCT	42.13	100.0	0.0	0	0	+
chrII	10790	10823	AAAATTCTTATGCGAGCAAGGGCAACCTGATCGA	42.05	100.0	0.0	0	0	+
chrII	10850	10884	AAAACCTACAGCGCTCTTCATCATATCCCTTCCCG	42.63	100.0	0.0	0	0	+
chrII	10885	10921	TTTCTTCCATTGCGTCATTCATGGTTTGTCCCATTGT	42.3	100.0	0.0	0	0	+
chrII	10941	10977	GTGGTTTCTACCGTGTCTAAACGAGTTTCAATTGCCC	42.21	100.0	0.0	0	0	+
chrII	11003	11039	TCCATTACTTCTTCCAGAGCTTCTTACAGGTCTGGCA	42.83	100.0	0.0	0	0	+
chrII	11040	11074	TACCTGTGATCTTCCGTACCGGGAGGTAACTTTCT	42.49	100.0	0.0	0	0	+
chrII	11084	11120	ACTACTACTGGAAGATATGCATCCTCGAGCAATTGCG	42.23	100.0	0.0	0	0	+
chrII	11121	11157	CTTTCCTCATACTTCGATTCGGGCCTTTCTATACCGC	42.53	100.0	0.0	0	0	+
chrII	11195	11231	AGTTCCTCTAGCCCATTGTAAGGAATTCACTTGAGGC	42.32	100.0	0.0	0	0	+
chrII	11280	11316	TGTTGTGATATGTCAGCAGTATGATTCGTTCCGGTGG	42.61	100.0	0.0	0	0	+
chrII	11329	11365	GTACTGAAATCAAAGAGGCTTGGAATTTCCCTGTGCG	42.36	100.0	0.0	0	0	+
chrII	11395	11431	ATGAATTTTCAACGTATTGAGCGCTTAGAGGGACCGG	42.94	99.409775	0.0	0	0	+
chrII	11563	11599	ATCCACTAGTGGCAATTGGATACTTGAAAAGCGCATG	42.17	100.0	0.0	0	0	+
chrII	11614	11650	TACCTGGTGATACTAAACGAATGTCATTTGCGCCACT	42.48	100.0	0.0	0	0	+
chrII	11658	11694	ACAAATCCAGGTATTGCGATACCCTTGCTTAAACCCT	42.54	100.0	0.0	0	0	+
chrII	11819	11855	AGTTGCAGGCAGTATTTTGAAAGTCATCAATTCCCCG	42.29	100.0	0.0	0	0	+
chrII	11891	11927	CCCATCATCTCCATATTCCATGACGCAAAAGTGAACG	42.13	97.24774	0.0	0	0	+
chrII	11970	12006	TTTTCATTGAAGATTATAGCCGGGCCTCTTCTGTCCA	42.19	100.0	0.0	0	0	+
chrII	12012	12048	ATTAAGGTTCCTTCAATGAAACCAACGGCAACGAACC	42.49	100.0	0.0	0	0	+
chrII	12104	12140	ACTTGGTATAAAGCCTTGTTTAACGTTCGTAGGCCCT	42.35	100.0	0.0	0	0	+
chrII	12187	12223	ATCTGCTAAACTTCAATTGCAGTGCATCGCTTTTGGG	42.86	100.0	0.0	0	0	+
chrII	12258	12294	AAAAGAATAACATCCCCAACCTCAGATGATACCGCCA	42.24	99.03478	0.0	0	0	+
chrII	12380	12416	TACAGCGTTGTCAGTTACTTCACTGTGTGAAGCATCC	42.74	99.66677	0.0	0	0	+
chrII	12437	12473	ACTATGCCCAGTTAGTAAAGCAGATCTGGTCTCATGC	42.15	99.65764	0.0	0	0	+
chrII	12511	12547	AAAACGATTCACTTTGAGCGATTGTCATCATCCCCAG	42.08	100.0	0.0	0	0	+
chrII	12563	12599	AACTGATTGCGCTATACAAGTAGTAACCGTTGGTCGA	42.05	99.05899	0.0	0	0	+
chrII	12600	12630	ACCCATGCTAAGCTCCGAGGGAAAATGGAGG	43.18	100.0	0.0	0	0	+
chrII	12643	12679	AAGAGCCTGCTGGGTATATCAATGTTTCAAGTTCGCC	43.05	99.93037	0.0	0	0	+
chrII	12700	12736	TGAGGTTTGTGTCATGGCATCCACCAAAATATGGAGA	42.66	100.0	0.0	0	0	+
chrII	12737	12773	AGCCTTCGGCAAGGGTAGAAAATTTATTAGTGGAGCT	42.35	100.0	0.0	0	0	+
chrII	12797	12833	TTGTTGAACCGGTTTAGCATAGTACTTGCTCATTGCG	42.12	100.0	0.0	0	0	+
chrII	12834	12868	TCAAATGATGTCACAGAATACATTGGTGTGCCGCC	42.41	98.717514	0.0	0	0	+
chrII	12924	12960	GCAATCAACAACGATGTATACTCAGGATTACGCTGGC	42.04	98.999306	0.0	0	0	+
chrII	12982	13018	TAGCGGGTGTTTCTGTAAAGGAACAGTCTTTCAAGGC	42.86	100.0	0.0	0	0	+
chrII	13054	13090	TTCTAGCGTGAATCAGTTTACCGCTATTGACATCCCA	42.04	100.0	0.0	0	0	+
chrII	13138	13174	TTGGGTGATAAAGTGACTGAATGACCTTTGGAGTGCG	42.91	100.0	0.0	0	0	+
chrII	13175	13211	TTTCTTTTCTATGTTTGTGGATAGATCACCGCCCGGA	42.25	100.0	0.0	0	0	+
chrII	13428	13464	TAGATCAATATGGATCCACTCTCGAGGCCAATCAGCA	42.68	99.67951	0.0	0	0	+
chrII	13469	13505	ATCCAAGGACGGATCAGTCTCAATACAAGTGATGCTG	42.25	100.0	0.0	0	0	+
chrII	13656	13691	ATTTGCTTTTGCCCATAAACATGTATCTCCCCAGCA	42.08	100.0	0.0	0	0	+
chrII	13697	13733	TGCAACTGCCAAAAGGCTTTGAGTATAGTCGAATGTG	42.16	100.0	0.0	0	0	+
chrII	13800	13836	ATACCATTTGAGACGTCATGAACTCTCGCGGATTTGA	42.29	96.8507	0.0	0	0	+
chrII	13998	14034	TGTAAACAGAATGCGCATTGTTGAACATACGGCTTCG	42.66	100.0	0.0	0	0	+
chrII	14150	14183	AAAACCCTCTCCTCCTATGAAGCGGAACAGTTCA	42.16	100.0	0.0	0	0	+
chrII	14267	14303	AGGAAAATCCTCTAAACTCTTCTTGCTGGCTCGTTGT	42.33	100.0	0.0	0	0	+
chrII	14304	14335	CAAAACAGAGGGCAGAGGTGTAAGTGTGGGTG	42.27	100.0	0.0	0	0	+
chrII	14379	14415	AGATTTAATTTCTGGGATGTAGGGTGGTTTCACGCGA	42.41	100.0	0.0	0	0	+
chrII	14443	14479	TTACGGAAGAAAGGTTCTTCCATAACTTCGTCTGCGT	42.19	100.0	0.0	0	0	+
chrII	14480	14509	CCCTGGGACCAGCACCCAACCTCTTTTCAG	43.94	100.0	0.0	0	0	+
chrII	14602	14638	ACTTCATCTTCGTCATCTCCTGAGAATGGAGATTGGC	42.12	99.631325	0.0	0	0	+
chrII	14639	14673	ACAGTAGCATTTGATATAGCAGCACCCCAAATGCC	42.13	100.0	0.0	0	0	+
chrII	14714	14750	TTTCTGGAGCCATAAATTCTGGTGTGCCACAAAATGT	42.17	100.0	0.0	0	0	+
chrII	14872	14908	TCATGAAAATATTTCAGAGCCAGTAAGACCTCGGCGG	42.53	98.610634	0.0	0	0	+
chrIII	2	31	CCACACACCACACCCACACCACACCCACAC	46.06	94.250084	447.331982	0	14	+
chrIII	32	61	ACCACACACACCACACCCACACACCCACAC	45.69	95.21059	573.141205	0	15	+
chrIII	62	91	CACACCACACCCACACCACACCCACACACC	46.06	94.250084	452.659066	0	15	+
chrIII	92	121	CACACCCACACACCACACCCACACACACCA	45.69	95.21059	753.610682	0	15	+
chrIII	122	151	CACCCACACACACCCACACCCACACACCAC	46.06	94.15095	335.652712	0	9	+
chrIII	152	181	ACCCACACACACACCACACCCACACACACC	45.69	95.21059	487.727535	0	15	+
chrIII	186	215	CACACCCACACCACACCCACACCCACACAC	46.06	94.15095	516.050416	0	9	+
chrIII	233	262	CCCACACCCACACACCACACCCACACACAC	46.06	94.15095	691.7538059999998	0	15	+
chrIII	263	292	CACACCCACACACACCCACACCACACCCAC	46.06	94.15095	0.0	0	7	+
chrIII	293	322	ACACCACACCCACACACCCACACCCACACA	46.74	95.21059	354.27570099999997	0	9	+
chrIII	326	355	CACACCCACACCACACCCACACCCACACAC	46.06	94.15095	516.050416	0	9	+
chrIII	404	438	ACCTGTCTCCCAACTTACTCTCCATTACCCTACCT	42.16	100.0	0.0	0	0	+
chrIII	439	472	CTCCACTCGTTACCCTGTCTCATTCAACCGTACC	42.49	99.39402	0.0	0	2	+
chrIII	473	508	ACTCCCAACCACCATCCATCTCTCTACTTACTACCA	42.06	100.0	179.99757599999995	0	3	+
chrIII	509	538	CCAACCCACCGTCCACCATAACCGTTACCC	43.84	97.98911	77.06427	0	3	+
chrIII	539	569	TCCAACTACCCGTATCCAACTCCACTACCGC	42.38	100.0	0.0	0	0	+
chrIII	570	606	TTACCCTACCATCGACCATGTCCTACTCACTGTACTG	42.3	100.0	98.61942	0	2	+
chrIII	661	697	ACTTATCCTACCACTCTAATCCCACTACCACATGCCA	42.35	99.21506	0.0	0	0	+
chrIII	699	735	ACTCACCTTCACTTGTATTCTGATCGGTCATACGCAC	42.24	100.0	0.0	0	2	+
chrIII	777	813	TCATATTCCACTCCATCACCCATCTCTCACCATCAGT	42.54	100.0	0.0	0	0	+
chrIII	814	843	ACCAAATGCACTCGCATCATTATGCACGGC	42.06	100.0	81.37552	0	0	+
chrIII	844	873	ACTTGCCTCAGCGGTCTATACCCTGTGCCA	44.26	99.59555	289.01937999999996	0	4	+
chrIII	917	953	TCTCATTCGGCGACACCAAATATTGTATAACTGCCCT	42.29	100.0	56.230534	0	4	+
chrIII	1155	1191	ATTGCTTGAACGGATGCCATTTCATGTTGAATGTGGT	42.64	100.0	0.0	0	0	+
chrIII	1413	1449	AATTCATTACGTCAACAGGTTATGAGCCCTCAGAGCA	42.24	100.0	0.0	0	0	+
chrIII	1475	1511	ATCTAGCCCCAACAATTATAAACAGTGGCTGTACGGT	42.17	100.0	0.0	0	0	+
chrIII	1587	1623	AGGGATTACAATCTCAGCGCGAATGATGAAAGCTTTG	42.11	100.0	0.0	0	0	+
chrIII	1652	1688	AAAGCTCTACAAGAAAACTATCGTGGGTGAAGCTGCA	42.59	100.0	0.0	0	0	+
chrIII	1695	1731	ATGAACTGGATATGTGATGATTCGCTTGGAAGGGTCT	42.07	100.0	0.0	0	0	+
chrIII	1869	1905	TTCACGATGCTTGAAGACAATAGCGAAGAACAGGACA	42.5	99.392715	0.0	0	0	+
chrIII	1914	1950	AGACGCGACACCAATATCGCGTTGTTATTAATGACCT	42.57	100.0	0.0	0	0	+
chrIII	1971	2007	TCATTCCACGAGAAATTCGGTGACTCTAAGGCTCTTC	42.12	100.0	0.0	0	0	+
chrIII	2041	2077	ATGCGTCATCGAATTCATCATCTTCGGTCTCAGATGC	42.8	97.45146	0.0	0	0	+
chrIII	2136	2172	TTTACGGAGCTGATCATCGCATAAGCAACTGTTCTCT	42.31	100.0	0.0	0	0	+
chrIII	2221	2257	TGACAAAACGAGTAGATCTTCATCTGCTAGTGTCGCG	42.26	99.81889	0.0	0	0	+
chrIII	2258	2290	ATTCCTGACTATGAAACGCAAGGCCAAACAGCA	42.27	98.90247	0.0	0	0	+
chrIII	2291	2324	GGACAGATAACACCGAAGTCCTGGCTCTGTATGT	42.12	98.076584	0.0	0	0	+
chrIII	2326	2362	ATCTTCGACTGTTCCAGCTACCAAATCCTCAGAATGG	42.26	98.82856	0.0	0	0	+
chrIII	2365	2398	TTTTGACACAGGATGTACTTCCCACATGTGCCAC	42.13	100.0	0.0	0	0	+
chrIII	2426	2462	AGATCCTCTAGGAAAGACTTTGTCAGAGGAGTTGGCG	42.91	100.0	0.0	0	0	+
chrIII	2463	2492	GTTCCATACCCATCATGGGCTCCGGAACTG	42.17	98.18733	0.0	0	0	+
chrIII	2586	2622	ACTCTTCTGTTACGTTCACAAAAGAGGGTGTCACTGT	42.13	91.27513	0.0	0	0	+
chrIII	2623	2656	GCAATCACCTGATGATGTGGTTTCTACAGCTGGG	42.23	99.79997	0.0	0	0	+
chrIII	2660	2696	TCACAATAAAAGACTCTGGGAAGTACAAAGCTCGCCT	42.16	100.0	0.0	0	0	+
chrIII	2697	2726	TGTCGCCCAAGGACATACTCAAAAGGCTGG	42.19	100.0	0.0	0	0	+
chrIII	2736	2772	TCAGGAAACCTTTGCACCAGTCATTCGATATGACTCT	42.06	100.0	0.0	0	0	+
chrIII	2773	2809	GTTAGATTATTTCTGGCCCTTGCTAGCTGCCTCAAAC	42.02	100.0	0.0	0	0	+
chrIII	2820	2856	TCAGATGGACGTTGACACTGCGTTTCTAAACTCAACC	42.87	99.446106	0.0	0	0	+
chrIII	2857	2890	ATGGATGAGCCGATCTACGTAAAACAACCACCCG	42.94	98.74325	0.0	0	0	+
chrIII	2900	2936	ACGAGAGGAATCCCGACTATGTATGGGAACTATACGG	42.26	99.92207	0.0	0	0	+
chrIII	2945	2981	ATGGACTCAAACAAGCCCCATTACTATGGAACGAACA	42.44	100.0	0.0	0	0	+
chrIII	2999	3035	AAAAGATTGGTTTCTGTCGACATGAAGGCGAACATGG	42.32	100.0	0.0	0	0	+
chrIII	3042	3078	TTTTCGTTCCACATCTGATGGTCCCATCTACATTGCC	42.9	100.0	0.0	0	0	+
chrIII	3080	3116	TATACGTAGACGACTTACTTGTTGCTGCTCCCTCTCC	42.66	100.0	0.0	0	0	+
chrIII	3205	3241	ATTCATCAATCGTCAAACGGAGACATCACTCTCTCCC	42.18	97.75764	0.0	0	0	+
chrIII	3290	3326	TTAAACTTACACAGACTCCGCTCTGCAACTCAAAGCC	42.94	100.0	0.0	0	0	+
chrIII	3332	3368	TCGAAACAACTTCCCCGCATCTAAAAGACATCACTCC	42.73	98.94329	0.0	0	0	+
chrIII	3381	3416	AGTTGGTCAGCTTCTCTTTTGTGCAAATACTGGTCG	42.03	100.0	0.0	0	0	+
chrIII	3417	3453	TCCGGACATATCGTATCCAGTCTCATTACTCTCCAGG	42.09	100.0	0.0	0	0	+
chrIII	3454	3484	TTCCTTCGAGAACCTCGCGCAATCCATTTGG	42.56	99.91219	0.0	0	0	+
chrIII	3485	3514	AGTCTGCTCGGCGGGTTCTACGGTACCTAT	43.4	100.0	0.0	0	0	+
chrIII	3530	3566	TGTGTCTCAAGTATCGTTCTGGATCTCAGTTGGCATT	42.01	100.0	0.0	0	0	+
chrIII	3577	3613	TGTGATGCATCTCATGGAGCTATTCACGATCTACCAC	42.11	100.0	0.0	0	0	+
chrIII	3624	3653	GGGGTACGTGACTCTACTTGCTGGTGCTCC	43.16	100.0	0.0	0	0	+
chrIII	3654	3685	CGTTACGTGGTCATCGAAGAAGCTCAAGGGTG	42.11	100.0	0.0	0	0	+
chrIII	3750	3786	ATGGATTCAAAACTTGTTTGAACACTTAGGCCAGCCA	42.13	100.0	0.0	0	0	+
chrIII	3852	3888	TCACACGAGAGCAAAACACATTGCTTTGAGATACCAC	42.07	97.88006	0.0	0	0	+
chrIII	3889	3924	AAGCTAAGAAATGCAGTGGCAGCAGGCATAATTACC	42.31	100.0	0.0	0	0	+
chrIII	3996	4032	AACACATAGGGCTGTCATGATAAGGGAACCAGAAACT	42.04	100.0	0.0	0	0	+
chrIII	4387	4423	ACAAGGTTGTTTCTAAGGTGCTATATGTCCCTACGGC	42.25	100.0	0.0	0	2	+
chrIII	4424	4454	CTCGTTTAGCCCCATCTCGCATGCAATACCG	42.61	99.332	0.0	0	0	+
chrIII	4512	4548	ATATAGAAATGTCCGACACTTGCGCTACACTAAGGCA	42.03	100.0	0.0	0	0	+
chrIII	4792	4828	TCTGATACTATGGTATGAGAGGCCTTGGTAAAGGGCA	42.4	100.0	0.0	0	0	+
chrIII	4869	4905	AGAGCATATCGTCTCGTTGAGACCGTATAGATTCGCA	42.53	98.29138	0.0	0	0	+
chrIII	5070	5106	ATGCAGCAGTAATAAAACACATTGGCTTCGCTTTCGC	43.08	100.0	0.0	0	0	+
chrIII	5142	5178	ATGATATACTGGTGCTCGAGGATGATGAGAGGACACA	42.29	99.0716	0.0	0	0	+
chrIII	5226	5260	AACTGTCCACGATTCAGGGATGTGCTATGAGTTCA	42.21	98.82082	0.0	0	0	+
chrIII	5261	5290	ATTTTCGCTGTAGTGCTGCCATTGGCGCTG	43.6	100.0	0.0	0	0	+
chrIII	5306	5341	AAAACTCCACAGCTTTCAATGGAGATGTGACTGCAC	42.26	97.16797	0.0	0	0	+
chrIII	5377	5413	ACTCTGTTAGTAAGGAGCCATAGTCGACATCTGTCCA	42.15	100.0	0.0	0	0	+
chrIII	5440	5476	CCCCAAAATACATGGCTGTACCATGTAAAATGAGCGG	42.37	100.0	0.0	0	0	+
chrIII	5550	5586	AATCACGCTGCAACATTGGTGAAGAATCTCAAAAGGT	42.22	100.0	0.0	0	0	+
chrIII	5679	5709	TTTTGGGCACGCTGAACACGCTCAATGTAGT	42.64	100.0	0.0	0	0	+
chrIII	5795	5830	TTTACTGCTGGATTATTGGGTTCACCCGTAGACTGT	42.01	100.0	0.0	0	0	+
chrIII	5831	5867	TGCCGACTCCAAGAAAACTATGATCTCAATACAGGCA	42.08	100.0	0.0	0	0	+
chrIII	5908	5940	TTTTGCGGTACCAAAATCGCATGTTGCACTCAC	42.13	100.0	0.0	0	0	+
chrIII	6025	6061	TGGCATACACTTAGAAAAGTGCTATGACATGACGCCC	42.82	98.07047	0.0	0	0	+
chrIII	6150	6186	TCCAGCATCATTTATTGGATAGTAACTCCTCCCGCAC	42.2	100.0	0.0	0	0	+
chrIII	6194	6229	ATCAATGACGCTGACTCTTTTACTGACGCTGAGTCT	42.12	98.79903	0.0	0	0	+
chrIII	6230	6259	TTACCGACGCTGAGTCTTTACCGACGCTGA	42.55	100.0	276.23501	0	4	+
chrIII	6260	6290	GTCTTTACCGACGCTGAGTCTTTACCGACGC	42.07	100.0	264.08616	0	4	+
chrIII	6302	6338	AAAAGTACGACACAGCTATATGCGTCGCAAGTTCAGA	42.45	99.078735	0.0	0	0	+
chrIII	6544	6580	TTTCCTCATCTGGCAAGACAACCAAACCATCTTCAGT	42.7	100.0	0.0	0	0	+
chrIII	6581	6617	GAATTCTTCGTGTGTCGCCTTGTCTATTAGTTCCGGG	42.82	100.0	0.0	0	0	+
chrIII	6625	6661	TGAACATTGTAAACGCAAAGAACGGTACCGTACATGC	42.31	100.0	0.0	0	0	+
chrIII	6694	6730	ATCTGTAAGATTCAACCACAGCATCTCTTTCGGGTGA	42.06	100.0	0.0	0	0	+
chrIII	6792	6828	TCGTTTCCAAGGTTCTTGTAGAGTTGGTTAGGCATGG	42.62	100.0	0.0	0	0	+
chrIII	6829	6859	TTTGTGTCCATATGGCACCAGAAACGGAGGC	42.48	100.0	0.0	0	0	+
chrIII	6860	6894	ACCGATAGCAGCGCCTAGCTTTGAAAAGGTATACT	42.26	100.0	0.0	0	0	+
chrIII	6895	6928	GGATGCCGGTTATTACAGCCATCCTACTATGCGT	42.62	100.0	0.0	0	0	+
chrIII	6929	6963	AGTCATGGCTTGCAGTATGACGATCACTGAATTGC	42.08	99.49447	0.0	0	0	+
chrIII	6964	7000	TGCATAGGAGACCACTCAAACCCATGATAACAGATGC	42.48	99.87784	0.0	0	0	+
chrIII	7001	7033	AGCGATAACACCTTCATGAGACCCAGATCCTCC	42.17	97.401375	0.0	0	0	+
chrIII	7047	7076	AAAAGGCCCATGCACACCATCCATGCAGCA	44.83	100.0	0.0	0	0	+
chrIII	7089	7125	ACAGAAAGTTTCAGTTTCCTTGTCTTTGCCACCAACA	42.1	93.10106	0.0	0	0	+
chrIII	7127	7163	ACTGTAGAATGGAGATGCAGTAGCAGCAACAAAGTCA	42.32	100.0	0.0	0	0	+
chrIII	7164	7195	GGAAGGTTTACTATCCGAGCAGCCGAAGTGGA	42.64	100.0	0.0	0	0	+
chrIII	7268	7300	AAAAGTAACACCAAGGGGTGCCCAAATTCCACG	42.81	98.78729	0.0	0	0	+
chrIII	7313	7349	TTTGAACGGTAGAAGAGGAGATTTGGCAAATTTGGCC	42.28	100.0	0.0	0	0	+
chrIII	7410	7446	GAATTGTGCCACTTCTGTGATGTCTCATTAGCCAACG	42.3	100.0	0.0	0	0	+
chrIII	7447	7478	TCAAAGGGACAAGGATACACCCTAGCGACACA	42.13	100.0	0.0	0	0	+
chrIII	7530	7566	TTCTCAAATAATCCGCCCGTTCTTTCCTTTCTAGCCT	42.28	100.0	0.0	0	0	+
chrIII	7633	7669	TAATTGGCAAGGCAGAGAGTGGGTAAATAAAAGCCCA	42.7	100.0	0.0	0	0	+
chrIII	7750	7786	ATGGCCAATATGAGGCGTACTGGTAAAACATTCTCCA	42.37	100.0	0.0	0	0	+
chrIII	7813	7849	TTAATGTCAGGAGCAGATTTGTTCCGACGTATCCACA	42.15	100.0	0.0	0	0	+
chrIII	7853	7889	ATAGAAAACCGATCCTGCTGCATACATTGTGAGACGG	42.68	98.73216	0.0	0	0	+
chrIII	7944	7979	AAAAGCCTTAGTCTTCCGAAGTGGTCAGAGAGTCTG	42.01	100.0	0.0	0	0	+
chrIII	7980	8015	GAGTAGACAACTTGGGATCCGACACTTACAACAGCA	42.3	96.33748	0.0	0	0	+
chrIII	8039	8075	TAAGGAGTGTTCTGAATATGAGTTCGTCGCATAGCCC	42.03	99.26212	0.0	0	0	+
chrIII	8213	8249	CGATGTCATAGAGTACGTGTCATCGTTTGAGTGACGT	42.04	96.26694	0.0	0	0	+
chrIII	8250	8286	TCTCGCTCAATAATCTCACAGGACTGCCTAATTCCAC	42.07	100.0	0.0	0	0	+
chrIII	8295	8330	TTACTTGAGGCACCAACAACACTAGAACTCATCCGA	42.02	100.0	0.0	0	0	+
chrIII	8592	8625	AAAATTGCTGTGACACCCCTTCAATGTGGTGTCT	42.19	100.0	0.0	0	0	+
chrIII	8679	8714	AGTTTCCGAAAATCCACGACGAACCAGTTATACCGA	42.28	97.06084	0.0	0	0	+
chrIII	8809	8838	AAAATGCGGTGCCTGTCGACAGGATATGCG	42.87	100.0	0.0	0	0	+
chrIII	8859	8895	AAAATTGAGTACCTAGATCCGGTGGTGTAGGACGAGC	43.07	100.0	0.0	0	0	+
chrIII	9023	9059	AACATGCGAGTAAAAGTAGTGCCACATTTCCTTTGCA	42.18	100.0	0.0	0	0	+
chrIII	9062	9098	AGGTGCAAATTGGTACATATTTAACAGATAGCGCCGC	42.15	100.0	0.0	0	0	+
chrIII	9099	9131	ACCTCATATGCAGCGCGTACATGATACGAGACG	42.76	94.923164	0.0	0	0	+
chrIII	9335	9371	TGGAGGAAACTAAGTACTCTTCGCAGCAGGAGATAGA	42.15	99.31509	0.0	0	0	+
chrIII	9372	9405	AGAAGCATGTGGTTCAGACGCTTCATTGAATGCT	42.16	100.0	0.0	0	0	+
chrIII	9406	9442	AGAGGTAGCAATGATTCTCCAATGGGACTTTCCTTGT	42.06	100.0	0.0	0	0	+
chrIII	9443	9473	ACCTCTGCCTGGCTTCGTGAACTCTTGTACT	42.5	100.0	0.0	0	0	+
chrIII	9501	9535	AGTGGGAACTATTATTGACGTGGTCGCAGAACAGT	42.28	98.97755	0.0	0	0	+
chrIII	9536	9570	TCGGAAACTACTCCAAAACAGGTTGGCTCGTTACA	42.53	100.0	0.0	0	0	+
chrIII	9588	9624	TGCTATTCTGAGTCTCATTTGGGGAAGATTCGCATCT	42.02	100.0	0.0	0	0	+
chrIII	9666	9695	TTTTGAAGCCGGATCCCTAATTGCTGCCCT	42.22	100.0	0.0	0	0	+
chrIII	9711	9747	TATGCTCATTGTCGGTAGAGTTGTTGCTAGTGTTGGG	42.45	100.0	0.0	0	0	+
chrIII	9748	9782	GGAAGCGGACTTCAAACGCTTTGCTTTGTTATTGG	42.14	100.0	0.0	0	0	+
chrIII	9783	9816	TTGTACGATGGTTGGTGAAAGGTCACGTCCATTG	42.02	100.0	0.0	0	0	+
chrIII	9818	9854	TGATTTCCATCCTAAGTTGTGCATTTGCTGTAGCTGC	42.28	100.0	0.0	0	0	+
chrIII	9856	9891	ATCGTTGGTCCTATAATCGGAGGTGCCTTTACAACC	42.36	99.400215	0.0	0	0	+
chrIII	10088	10124	TCTTCAAGTTTGACTTCTTTGGTTTTGCCCTCTGCTC	42.14	99.6229	0.0	0	0	+
chrIII	10125	10154	TGCAGGGCTGGTCCTTTTCCTACTGGGGCT	46.14	99.62579	0.0	0	0	+
chrIII	10175	10211	ATAGTTGGAACTCTGGCCAAGTCATCGCATATTTGGT	42.49	100.0	0.0	0	0	+
chrIII	10271	10307	TCAACCCGGAACCTGATAATATATCCTACAGGCCTCT	42.13	98.72037	0.0	0	0	+
chrIII	10375	10411	ACCGGTTACAATGGGCAAATGATATACTCTGTCCAGT	42.04	100.0	0.0	0	0	+
chrIII	10413	10449	TTTCCAACTTATATTTGCGTCGAGTGCATGGAAAGCC	42.36	100.0	0.0	0	0	+
chrIII	10463	10499	TACCAATCGTTATTACCAACGTTATTGCGGCCATTGC	42.39	100.0	0.0	0	0	+
chrIII	10544	10580	TAATATTTGGAGGCGTTCTTGGGGTAATTGGAGCAGG	42.7	100.0	0.0	0	0	+
chrIII	10603	10637	ACGTCCACGAAGTCAACTCAAATTGGTGTTTTGCT	42.35	98.77756	0.0	0	0	+
chrIII	10638	10673	ATTACCGGGGTTTTCCCTTGGATTTGCTCTACAAGC	43.22	100.0	0.0	0	0	+
chrIII	10675	10711	TCGCTCATGAGTGCACAGCTTCAAATTACCAAAGATC	42.02	100.0	0.0	0	0	+
chrIII	10760	10796	TCATGAAGTCATTAGGTACAACTCTTGGTGGTGTGCT	42.03	100.0	0.0	0	0	+
chrIII	10810	10844	TTTTCCGCCTCCTTTCACAACAAAGTATCACGAGC	42.26	98.61745	0.0	0	0	+
chrIII	11496	11532	TCGTCATTCAAACTTGTATTAGACGAGGGACGGAGTG	42.02	100.0	0.0	0	0	+
chrIII	11556	11592	TTGTGGGATAGGATAGTAGCAACTCTTGGAGGAGAGC	42.6	100.0	0.0	0	0	+
chrIII	11645	11677	GGGGATGGCTTTTGCCATTTGTGAGAGTTGTGC	43.51	100.0	0.0	0	0	+
chrIII	11745	11781	GTAAATCGTCCTGTCCCATTACGAGCTGTAGTAGTGC	42.24	99.84587	0.0	0	0	+
chrIII	11842	11878	TTCCTGAGTTGCATGTTGGATTGAGTTTACGAAGGGT	42.65	100.0	0.0	0	0	+
chrIII	11881	11910	CCAGACGGCCAGAAACCTCCAGGCGGAGTT	46.56	99.01011	0.0	0	0	+
chrIII	11911	11947	AACAACTAGTAATACGGCATCCATGTTTGCATCAGCG	42.07	100.0	0.0	0	0	+
chrIII	11948	11984	CCGAGCCTATACCAGTCACTGAGTAGACGTTTTCTTG	42.04	99.35494	0.0	0	0	+
chrIII	12016	12045	GGGGCATTCTCTAGAGACACAGGCAGTTGC	42.2	99.24802	0.0	0	0	+
chrIII	12046	12075	TTCCAGCAACTGCCGTACGGCCGTTCTCAT	45.15	100.0	0.0	0	0	+
chrIII	12179	12215	TTAACTCTTCTTGAGACAATTTGGCCCTGGATAGCGA	42.09	100.0	0.0	0	0	+
chrIII	12216	12249	AGCGTGCGGTTACAAATAGGTCGTCTTGTTCAAG	42.1	100.0	0.0	0	0	+
chrIII	12377	12410	TTTTCGGGCTCATTCTTTCTTCTTTGCCAGAGGC	42.5	98.98187	0.0	0	0	+
chrIII	12411	12440	TCACCGCTCAAGAGGTCCGCTAATTCTGGA	42.48	100.0	0.0	0	0	+
chrIII	12534	12570	AGGCCCTTGGTATCTAGATATGGGTTCTCGATGTTCT	42.26	100.0	0.0	0	0	+
chrIII	12654	12690	TCTTGAGTTACCACATTAAATACCAACCCATCCGCCG	42.71	100.0	0.0	0	0	+
chrIII	13130	13166	TCTGGGTTTTGTTTGGGATGCAATTTATTGCTTCCCA	42.41	100.0	0.0	0	0	+
chrIII	13368	13398	AAAACGTCTAGCTGAGCATGTGAGGCCAAGC	42.56	100.0	0.0	0	0	+
chrIII	13571	13607	TGGCTTTTAGAGCATATTACTCACAGTTTGGCTCCGG	42.7	100.0	0.0	0	0	+
chrIII	13615	13651	CAAAATGTCTTGTCTTCTCTGCTCGCTGAAGAATGGC	42.42	98.07974	0.0	0	0	+
chrIII	13652	13681	ACGCGGACAAAATGCAGCACGGAATATGGG	43.28	100.0	0.0	0	0	+
chrIII	13750	13786	TATGCTGAAGTACGTGGTGACGGATATTGGGAAGATG	42.07	100.0	0.0	0	0	+
chrIII	13787	13823	TGTTTGTACATTTGGCCTTATAGAGTGTGGTCGTGGC	42.92	100.0	0.0	0	0	+
chrIII	13869	13905	TCCTATTTGAAACTCCCCATCGTCTTGCTCTTGTTCC	42.53	100.0	0.0	0	0	+
chrIII	14145	14181	GTATACTAAGCCTTGGGAAAATGCGTGTTCCTTGTGC	42.37	100.0	0.0	0	0	+
chrIII	14533	14569	ACGATGCTTATTGTGCTTTGTTGGGTGTTTGACTTCT	42.16	100.0	0.0	0	0	+
chrIII	14571	14607	TGTTAACTTACTTCAACATGAAAGCCCGACGTTTGCA	42.04	99.1379	0.0	0	0	+
chrIII	14701	14734	TTTTATATTTTCGCCGGAGGTGCTGGAAATGGCA	42.28	100.0	0.0	0	0	+
chrIV	1	30	ACACCACACCCACACCACACCCACACACAC	45.69	95.21059	530.40342	0	15	+
chrIV	31	60	CACACCCACACACCACACCCACACCCACAC	46.06	94.15095	529.0677099999999	0	14	+
chrIV	61	90	ACCCACACCCACACACCACACACCACACCA	46.74	95.30972	165.4485	0	11	+
chrIV	100	129	CACACCCACACCACACCCACACCCACACAC	46.06	94.15095	516.050416	0	9	+
chrIV	130	159	CACACCCACACCCACACACCACACACTACC	44.03	95.86478	413.08621000000005	0	11	+
chrIV	179	214	AACCCTGATTTTACCTGTCTCCAAACCTACCCTCAC	42.2	100.0	0.0	0	2	+
chrIV	215	244	ATTACCCTACCTCCCCACTCGTTACCCTGC	42.3	96.7275	0.0	0	0	+
chrIV	245	274	CCCACTCAACCATCCACTCCCAACCACCAT	43.48	100.0	0.0	0	0	+
chrIV	275	309	CCATCTCTCTACTTACCACTAACCACCGTCCACCA	42.81	100.0	0.0	0	0	+
chrIV	311	346	AACCGTTACCCTCCAATTACCCATATCCAACTCCAC	42.3	100.0	96.04895	0	3	+
chrIV	348	384	ACCACTTACCCTACTATTACCCTACCATCCACCATGT	42.1	100.0	94.93697	0	2	+
chrIV	456	491	ACTTACCCTACCACTCTATACCACCACTACCACCAC	42.31	100.0	0.0	0	0	+
chrIV	492	521	CGCCACTTGCCACACTCACCTTCACTTCTA	42.01	100.0	0.0	0	0	+
chrIV	566	602	AAACTTACCCTACTTTCATATTCCACACCATGGCCCC	42.59	100.0	34.767693	0	2	+
chrIV	619	655	TACCAAATGCACTCACATCATTATTCACGGCACTTGC	42.38	100.0	97.54738	0	2	+
chrIV	656	686	CTCAGCGGTCTATACCCTGTGCCATTTACGC	42.07	100.0	190.32138999999998	0	4	+
chrIV	703	739	TCCACATTTTATTACCTATATCTCATTCGGCGGCCCC	42.3	98.945366	0.0	0	3	+
chrIV	1091	1120	TTTTACTGTAAGGGCTGCCATCCGCGCTCT	43.48	100.0	0.0	0	0	+
chrIV	1151	1187	ATCTCAAAACAAGCGGGAGAAGTGCTAATTACCCAGA	42.25	99.636406	0.0	0	0	+
chrIV	1188	1220	GGTCATGCATGATCTGAGTACCACCGTACCTCT	42.08	99.20905	0.0	0	0	+
chrIV	1221	1257	AGGTTTTGCTTTGATCCGTTTTACAGTGACACCGAAC	42.35	100.0	0.0	0	0	+
chrIV	1260	1296	AAGGGGAAGCTATTGACATGGTATCGAAAGGTTGTCC	42.48	100.0	0.0	0	0	+
chrIV	1439	1475	TATGTATTTCATTCAAGCGGTAACCGCTGTACGAGCA	42.42	100.0	0.0	0	0	+
chrIV	1476	1512	GTGACATTGCTGGTCGCACCTTAAATGTAAACCAACG	42.82	99.875435	0.0	0	0	+
chrIV	1513	1544	TTACGGCACACCGTGATGTACCCGCATTAAAG	42.23	100.0	0.0	0	0	+
chrIV	1626	1662	AGTTTCTTTGCCTAAAATAGCCCAACATTGTTGCCCT	42.23	100.0	0.0	0	0	+
chrIV	1664	1700	TTTCTATCACGAGGTTACTGAGCCATTGCATGAACGC	43.04	100.0	0.0	0	0	+
chrIV	1769	1799	AAAACCCCTCGAACTGCCATCTCACTACCGA	42.57	100.0	0.0	0	0	+
chrIV	1832	1868	AGCGTAGATGTGTTATCCTTCAAACAGCTCGAATCCC	42.49	99.25098	0.0	0	0	+
chrIV	1934	1970	AAGTCCTTAGCGTTTCGCATCTGGATGCTATTATGGC	42.9	100.0	0.0	0	0	+
chrIV	1972	2007	ACCACTTAGCGTCTGGTGGAAACTTTCCAACAATTG	42.22	100.0	0.0	0	0	+
chrIV	2013	2049	ACCCACTTATAGTTTCACTTCTGGTCCTGTTTCTGGG	42.08	100.0	0.0	0	0	+
chrIV	2138	2174	AACACACCAAGTTCTGATCCTCATGATTGGGAAGTCG	42.65	99.89593	0.0	0	0	+
chrIV	2308	2344	AGCTGCCAAGGTTAAGTCATTTAAGGATTCTGTCCCT	42.2	100.0	0.0	0	0	+
chrIV	2349	2385	TCGAAGAGGCTTTGCAAGTGTATGCTACAGGATTTGA	42.47	100.0	0.0	0	0	+
chrIV	2413	2442	AAAATCATGGAGCCCTGTTGGCCTGGAAGA	42.03	100.0	0.0	0	0	+
chrIV	2443	2477	CGTTCAGCTTCCCAAGGATATTCATCGGTCCAAGC	43.37	100.0	0.0	0	0	+
chrIV	2564	2600	TTTTGCCTTGCATTTCGTATCTTGTGTCCTGGATTGT	42.09	100.0	0.0	0	0	+
chrIV	2605	2641	CCTCATGATGGTGTGGCTTTTCCAAAATATGAGGACG	42.17	100.0	0.0	0	0	+
chrIV	2693	2728	ATAAATGAGCAAGAAAGTGGTGCGAATGGATGGGAC	42.11	100.0	0.0	0	0	+
chrIV	2825	2858	AGCCACTTCTTCTACCGCCTTCTATCTGCAAAGA	42.15	100.0	0.0	0	0	+
chrIV	2893	2927	ATGGCCATATATTAAAGAAGCGCAATTGTCCCGCA	42.13	100.0	0.0	0	0	+
chrIV	3035	3071	GGCGAGTGGACACTTTTATCAAGCGATTTATCATGCA	42.07	100.0	0.0	0	0	+
chrIV	3288	3324	AGTACTATAAAATCTTTCCGTGCGCTCAAACGGAGGC	42.87	100.0	0.0	0	0	+
chrIV	3451	3487	AGCTTTAGTTTAACCCGTAGTTCGGGATACACTTCGG	42.11	100.0	0.0	0	0	+
chrIV	3575	3611	TGCTACTTTCATATCCTCCATTAAAGCGGGAGCTACC	42.05	100.0	0.0	0	0	+
chrIV	3639	3675	CGAGTGGGTTAGTTACACTAGGTGAAGGATCGTTTGC	42.51	100.0	0.0	0	0	+
chrIV	3682	3718	ATGGTCAAGCCATTCACGGACATTGATAATAGCTGGG	42.86	100.0	0.0	0	0	+
chrIV	3814	3850	TGTTTCTAACGGAACTGTATTAGACCATGCGCTCAGT	42.1	98.63212	0.0	0	0	+
chrIV	3912	3948	ATCACCACAAAGGAAATGGCGATTCTACAACAGGACC	43.01	99.392845	0.0	0	0	+
chrIV	4080	4116	TTTTAAAACGGATAACCACCAACCCTCGTCAGTGACT	42.41	100.0	0.0	0	0	+
chrIV	4162	4198	TTCCTATCATGCGCCTCGAAACAACTTCCATAGTACG	42.43	99.55293	0.0	0	0	+
chrIV	4199	4229	TGCCTGCTACTGTGAGTAGTTTACTGCCGCA	42.83	97.70676	0.0	0	0	+
chrIV	4235	4271	ACACTATACTGATTCAGCATCCATCAGTAAGTGCGCG	42.46	100.0	0.0	0	0	+
chrIV	4609	4645	TAACCCGGAATGGAAATTGTGCACAGTACATCAATGG	42.01	100.0	0.0	0	0	+
chrIV	4955	4991	CTTACTCGAGCTTTGAAATGAACAAGCCTAAACCGCC	42.42	100.0	0.0	0	0	+
chrIV	5300	5336	TGAAGTAGAAGAGCAGTCAGGTAGAGTGGTTATCCCA	42.02	97.700935	0.0	0	0	+
chrIV	5337	5368	TCAGCCAGAACCTGTCCGTAAACAGGTTGTGG	43.25	100.0	0.0	0	0	+
chrIV	5446	5482	TCTGAAAATATGCTTCGGTTCGAATCTGTGGTCTGCA	42.6	100.0	0.0	0	0	+
chrIV	5483	5518	GTGCAGCGTGTTGGTATTTTACCGACAGTTTTAGCG	42.82	100.0	0.0	0	0	+
chrIV	5521	5557	ATATGTATAGATCTGTCACGCTTGCAACATCGCGACA	42.29	100.0	0.0	0	0	+
chrIV	5652	5688	TCAATGTTGGCTTTGTTCTTCTGGAGAGGAATCAGCT	42.56	100.0	0.0	0	0	+
chrIV	5705	5737	TTTTCTCTGCTCGAGAGTCATCGCGACATTCCA	42.54	100.0	0.0	0	0	+
chrIV	5738	5769	CACCCCGCGTTTTACGTGCACAGAATCTTTCG	43.25	100.0	0.0	0	0	+
chrIV	5770	5805	TAGAAGGGAGCATTTGACATCCTGTCAGCCATATGC	42.62	98.55269	0.0	0	0	+
chrIV	6030	6066	AGTGACTCGAATGTATACCCAGGAAAGGCTAAGTCGC	43.21	100.0	0.0	0	0	+
chrIV	6109	6145	ACGGCTTAGATATTGTTCATGTTGAGTTCAGTCCGGA	42.02	100.0	0.0	0	0	+
chrIV	6179	6215	AACAGAGATATTTGACGCTACTGAGGATGCCAAGGAG	42.09	98.81088	0.0	0	0	+
chrIV	6216	6248	GCAGACGAAAGTGAAAGAGGAATGCCACTTGCG	43.06	96.16282	0.0	0	0	+
chrIV	6249	6283	ACAGCATTGAATACATATCCCAAGGCAGCAGCTTG	42.26	100.0	0.0	0	0	+
chrIV	6307	6343	TAATCATGGAAGGGTACGACACAGCTATTCTTGGAGC	42.11	100.0	0.0	0	0	+
chrIV	6389	6425	TGACAAAACTGGAGAATGGGAAATTTCAGCGTCATGG	42.24	100.0	0.0	0	0	+
chrIV	6430	6466	TCGGGCTGACCTTATGTTATATGGCAGGTGAAATTGT	42.37	100.0	0.0	0	0	+
chrIV	6469	6498	GGCTACAGCTAACGGGGCCCTCCGTGGATC	46.46	98.689064	0.0	0	0	+
chrIV	6565	6601	ACTTTTGCAATAGTTTAGGCATGATTGCTGTGGGACA	42.01	100.0	0.0	0	0	+
chrIV	6602	6631	AGCATTGTGCGGGATGCCATGGGGTTGTTT	44.81	100.0	0.0	0	0	+
chrIV	6633	6669	CAGTGTTTGACGGTGTCTTACGCTTCTGAAATATGCC	42.21	99.95153	0.0	0	0	+
chrIV	6792	6828	AAACTACCATTTGCCCTACAGTGGATTTTGCCAGTTC	42.15	100.0	0.0	0	0	+
chrIV	6896	6932	TGAGGCAAGGAGATCACTTAGAAGAACTTTAAGCGGC	42.47	100.0	0.0	0	0	+
chrIV	7057	7093	ATCGAAGAAGAACGAGAATTACTTGTCTCTGCTGGGC	42.41	98.90545	0.0	0	0	+
chrIV	7143	7179	TACGAAAAGGCTGGCGTTAGTACTGAAATGTCCTTCA	42.24	100.0	0.0	0	0	+
chrIV	7202	7238	TCTCGGTATTTGTGCTACATTTCTATCTTGGTGGGCG	42.51	100.0	0.0	0	0	+
chrIV	7257	7293	TATGACCTTTACGCTTTTGGACTAGCCTTCCAAACCA	42.37	100.0	0.0	0	0	+
chrIV	7300	7334	TTTTCATTATTGGCGGTTTGGGGTGCTCAAGTACG	42.54	100.0	0.0	0	0	+
chrIV	7336	7372	ACGGTTCCAAAATGGGAAGTGGTTCTCTTTTAATGGC	42.29	100.0	0.0	0	0	+
chrIV	7518	7554	TTATACCAACTGAACTCTAAGAAGTGGAACTGGGGCG	42.03	100.0	0.0	0	0	+
chrIV	7593	7628	ACTTTAATCTGGGCTGTGGTTGACCTACCAGAAACT	42.18	100.0	0.0	0	0	+
chrIV	7728	7760	CCCCTAAAGACGTCTCTCATAACGACCCCAAGG	42.39	96.9292	0.0	0	0	+
chrIV	7767	7803	TCGAAGCTTCCATTGCAGAGGAATAGCAATGTATCCC	42.65	98.251396	0.0	0	0	+
chrIV	7993	8028	AGAGAAAAGATTCTTTCTCATCCGAGTATGGCGCGT	42.25	99.74445	0.0	0	0	+
chrIV	8084	8120	GTCATAGTAACAGTCTGGGCACTCACTTCGTACATCC	42.09	99.02335	0.0	0	0	+
chrIV	8165	8201	AATCTCGAATGAGCAGTTCTGGCAGTACTGAAACTGA	42.12	100.0	0.0	0	0	+
chrIV	8256	8292	TGCCGTCAAATTATATGTACAGTAGCTACCAGAGCGG	42.05	100.0	0.0	0	0	+
chrIV	8701	8737	AATAGTCTTGACTACCTCTCCACCATGGGCAATGTTG	42.31	100.0	0.0	0	0	+
chrIV	8777	8813	TGGGTTATCAATGGCTTGACATTGACTTTTCCTGTGG	42.01	100.0	0.0	0	0	+
chrIV	8814	8846	CAACCAAGTTCACAGCGTCACGATAATCACCGA	42.02	96.34041	0.0	0	0	+
chrIV	8919	8952	TTTTACCCATACCGACTTGCACCATGGTACCTCC	42.72	97.70464	0.0	0	0	+
chrIV	8953	8989	AACCTTAGTTGTTTTGACAGCGGCATCAATGCAAACA	42.77	100.0	0.0	0	0	+
chrIV	8990	9021	TCAGCACCTGAACACTCAAACACCACATCTGC	42.38	100.0	0.0	0	0	+
chrIV	9022	9051	GTGATTTCCGCCCAAAAGCTTTTGGACCCC	42.29	100.0	0.0	0	0	+
chrIV	9052	9081	ATCGGCCAAGTCTTGGGCTTTATCGGTGGA	43.21	100.0	0.0	0	0	+
chrIV	9082	9116	AAACTGGGAAGAATTGAAAGTGTTTGTGGCTCCGA	42.03	98.549255	0.0	0	0	+
chrIV	9122	9158	TTTGCTCTCTGTAGCTTGTTGTCGAATACATCGACGA	42.12	98.38172	0.0	0	0	+
chrIV	9159	9188	AAATGACGTCGGTGGCACCAAAAGCGCGGG	46.68	100.0	0.0	0	0	+
chrIV	9189	9218	CGACTGCGCCAGTTAAAAGCCCCACAGGAC	44.59	98.51871	0.0	0	0	+
chrIV	9219	9254	CTGCACCAAATACAACAACTTTGGTACCAAAGCGGA	42.54	100.0	0.0	0	0	+
chrIV	9270	9306	TAGAGTGTACACCGACTGATAAGGGTTCGACACAAGC	43.05	94.83238	0.0	0	0	+
chrIV	9307	9336	GCCCTCTTCATAACTGACGCCTTCTGGCAA	42.19	100.0	0.0	0	0	+
chrIV	9369	9405	ACTTCACAAGAGTACCATCAATTGGAGGAGTTGCAGC	42.81	99.88513	0.0	0	0	+
chrIV	9406	9442	AAATGCCATATGTGGGCAAAGGTTATAGCTCCCTTCT	42.52	100.0	0.0	0	0	+
chrIV	9443	9476	TTGGTCTCATCAGAGTAACGGCTAGGAACACCAG	42.07	99.20912	0.0	0	0	+
chrIV	9477	9510	GTTCAATAGCAACACGGTCACCAACTTTGACCCT	42.22	100.0	0.0	0	0	+
chrIV	9511	9540	TGTGACGGCATCACCAACTTCCACAACCTG	42.61	100.0	0.0	0	0	+
chrIV	9541	9573	TCCGCTTGATTCATGACCTAAAACCATTGGCGC	42.79	98.033554	0.0	0	0	+
chrIV	9619	9652	ATCAGAGCCGCAGATACCAGTGGCTTTAATAGCT	42.29	98.958	0.0	0	0	+
chrIV	9667	9700	GGGGTCCTTAATGGTAGGGATTGGTCTTTGCTCG	42.95	100.0	0.0	0	0	+
chrIV	9701	9737	ATGGCAATATCGCCGACTTTCTCTAGAACTACTGCAG	42.19	100.0	0.0	0	0	+
chrIV	9933	9969	AGATGGAAGAAATGCGGTTAGCAAGGTGATACAGAGG	42.43	100.0	0.0	0	0	+
chrIV	9970	10003	CTTCATGTGACCGGAGAAAGGAGATACGAGACCG	42.32	98.06245	0.0	0	0	+
chrIV	10081	10117	CTGAACGAAGTTCCTTCATTATTCACCCCAACCAAGC	42.22	98.86685	0.0	0	0	+
chrIV	10118	10150	CCGATGGTTCCTGAAGCTAGGCGTAACTTTCCA	42.87	98.17707	0.0	0	0	+
chrIV	10151	10186	ACTTCAACATAGATTTTGCCACTCGGCAGTAGCTGT	42.73	100.0	0.0	0	0	+
chrIV	10206	10242	TGCACCTATATGTGCCTAAAACTTACTCTCCTGCAGG	42.13	100.0	0.0	0	0	+
chrIV	10303	10332	CCCCGTAATTTGTTTGCCTTCATGCCTGCC	42.33	100.0	0.0	0	0	+
chrIV	10333	10366	TCTCCTTGTCTCAGGTCACACCATTCACGATTCC	42.4	100.0	0.0	0	0	+
chrIV	10368	10404	TCATGCCTGCTACCGATTTAGTAGTAAGAAAAGCCGT	42.04	100.0	0.0	0	0	+
chrIV	10432	10465	TTTTCCTTGGAATTGTTAGCCCGCCTTTTGGTCG	42.82	99.20665	0.0	0	0	+
chrIV	10558	10594	ACAGATGAACGGTTCTATAGTTTCAGTGGACGTAGCG	42.02	100.0	0.0	0	0	+
chrIV	10819	10855	TGGACATATGCCGACTTAAATGCTAAAACCCTCGACT	42.25	99.72816	0.0	0	0	+
chrIV	10923	10959	TAGTGGCAGATGCTCCTTGAACTACTAATGACCCAGG	43.04	99.08537	0.0	0	0	+
chrIV	10960	10991	TCACCCAGAGAGGTCAGAGACTTTGTACGGGT	42.92	94.97755	0.0	0	0	+
chrIV	11049	11085	TGTTGTGTGGAAACATGCCTCAAAATGTTTTCACCGC	43.32	100.0	0.0	0	0	+
chrIV	11104	11140	ATTTGCCAAGTTAACGAAGCATGAGAAAGTTTGCCCC	42.86	98.98448	0.0	0	0	+
chrIV	11160	11196	ATCTCTTCTAATATGATGGTTGTTTGTGCGGCCACGC	43.29	100.0	0.0	0	0	+
chrIV	11285	11320	AGAGGAATGGTACAGTGTTACGTTCCTGGAAATGCA	42.27	100.0	0.0	0	0	+
chrIV	11333	11369	TTCCATAAGCACTCAAGTGGACCTATGTTGACTTCCC	42.25	100.0	0.0	0	0	+
chrIV	11372	11408	TCTTCATCACCACTCCGTTTTCACTCCATAAGCATCC	42.52	100.0	0.0	0	0	+
chrIV	11439	11475	AACAGAACTTCGTACAATGTTGCCTTAACCAAACGCT	42.07	100.0	0.0	0	0	+
chrIV	11688	11724	TCTTTCCAGCTTTTCTTCTTAGCCTCAGTTTCCCTGG	42.54	100.0	0.0	0	0	+
chrIV	11725	11754	AAGAAGCTCCTCTCCTTGAGGGTGGTACCC	42.27	96.590614	0.0	0	0	+
chrIV	11980	12016	TTGCTTTAGATTTGACCTTCGAAGGGAATGACTCGGC	42.93	99.94796	0.0	0	0	+
chrIV	12017	12048	AACCACAATATAAGCAACAGGGGCCCATGTCG	42.33	100.0	0.0	0	0	+
chrIV	12066	12102	TAGAAGCATGTGAACACAATCATGGCATTACCTGCAC	42.12	100.0	0.0	0	0	+
chrIV	12103	12133	CTTTCGAGGATGGACCATCCTGGCCATGAGG	43.33	99.502205	0.0	0	0	+
chrIV	12147	12183	ACCCCGATACTTGCAAATATGACCATACAAGCCATCA	42.41	100.0	0.0	0	0	+
chrIV	12184	12218	TTGAAGCCGCTCCGAATAACAGACATTTACGACGG	43.14	97.45772	0.0	0	0	+
chrIV	12263	12299	ATTCACTGTACCTAGGACGATCGAAGTCTCAAACCCA	42.57	93.78096	0.0	0	0	+
chrIV	12416	12452	TGTTTTGACGGAGAAAAGTTCTTTCCATGAGGCTTCC	42.01	100.0	0.0	0	0	+
chrIV	12453	12482	CCTAGTTCTCTTTGGGCAAGGACACCGGCG	43.93	99.70301	0.0	0	0	+
chrIV	12483	12519	TTGATTTCATCAGCCTGTTTGAGTACCCATGGATCCT	42.24	100.0	0.0	0	0	+
chrIV	12520	12553	CTGGTGAAACCTTGTTGATCTTGGCGATGGAGAC	42.27	98.35014	0.0	0	0	+
chrIV	12589	12624	ATCTTGGGGACTCTGGAACTAATAACATGCCAACGA	42.07	99.87787	0.0	0	0	+
chrIV	12625	12661	TGATAATTAGAGCCCACAGAAAGCATAGTCCCACAGG	42.05	99.61046	0.0	0	0	+
chrIV	12747	12783	TGGTACAATGAGACAAGTCCACCTCTCAAATCTGTGG	42.17	93.62777	0.0	0	0	+
chrIV	12790	12826	TTTCAGATAAAAGCATTGGACACAACACCGAACAGCC	42.46	100.0	0.0	0	0	+
chrIV	12827	12859	ACCAGCACCAAGACCGTAGATGATCTTACCGAC	42.33	97.79655	0.0	0	0	+
chrIV	12937	12973	TTGCTAGCCTTCTACCTAAAGTATCAGCAAGTCTCGC	42.01	100.0	0.0	0	0	+
chrIV	12974	13006	AAAAGCAACACCGCCAATGGAACATCCTACACT	42.28	100.0	0.0	0	0	+
chrIV	13007	13036	GAACATGGCCACGAGAAGACCCATACGCAC	42.64	99.48058	0.0	0	0	+
chrIV	13103	13139	ATTGATGAAGCCTGCAGTAATACCACTATCCCAACCA	42.1	100.0	0.0	0	0	+
chrIV	13198	13227	AAAAGCCTCTCTTCGGTGCGTCTGGCGTAT	43.35	100.0	0.0	0	0	+
chrIV	13245	13281	TTGTCATAAAACCCGTCTGACCATTCTTTCTCTCCGG	42.46	100.0	0.0	0	0	+
chrIV	13282	13313	GTGGCTGTACATGAACGTCAGCTGCACTACTG	42.3	100.0	0.0	0	0	+
chrIV	13322	13357	ATCTGCATTAATTTCTGGTGAGGACTGTTCGCTTGC	42.16	100.0	0.0	0	0	+
chrIV	13474	13510	ATACGTTTGAAAGTTGGTGATTACAGGCCAACACTGG	42.03	100.0	0.0	0	0	+
chrIV	13597	13633	TATTGAAAGGTTCAAGATGCGCAGTACAAGTCCTCGT	42.41	100.0	0.0	0	0	+
chrIV	13646	13682	TCTACCTTGCCTGACTTCTTTGCTAAATTGTGCCTCT	42.38	100.0	0.0	0	0	+
chrIV	13683	13714	GCGCAGTGCACGTTCAAAAGAAAAGCATACCC	42.53	100.0	0.0	0	0	+
chrIV	13784	13820	AAATAATTTTGCCTGCAGCAGGCTAGCTGCATATTCA	42.29	100.0	0.0	0	0	+
chrIV	13846	13882	TACGAGACGGAGTTAAGCAAAACGGAGTTAACACAGG	42.4	100.0	0.0	0	0	+
chrIV	14229	14265	TTGTTCAACGTTGCTTTTACCTCTGGCAATACTCCAC	42.11	100.0	0.0	0	0	+
chrIV	14269	14305	ATTTCAGGATTTGCTGCCAAAGTCCATTTTGTGCAAG	42.03	100.0	0.0	0	0	+
chrIV	14374	14410	TCTGAGAAATTATGACGGAAGAATGTAAGCTGCCGGT	42.21	100.0	0.0	0	0	+
chrIV	14429	14465	TTGCAAAGGAATTTTGAGAATTTATGGCTCGACGGCG	42.78	100.0	0.0	0	0	+
chrIV	14510	14546	AATATTATCCAGCAGCTGTTCTCCCATATAGTGCGCC	42.43	100.0	0.0	0	0	+
chrIV	14722	14758	AGCAGTATTGCAACAAGGCGTTACAGTCTTTGTTACC	42.11	100.0	0.0	0	0	+
chrIV	14816	14852	TTCATACCTGGGGTGGCCGTTTCATATTTCTGTTTCT	42.49	100.0	0.0	0	0	+
